TOKEN,NE
THE,0
PROCEEDINGS,0
ON,0
THE,0
KING,0
's,0
Commission,0
of,0
the,0
Peace,0
",",0
AND,0
Oyer,0
and,0
Terminer,0
",",0
and,0
Goal,0
Delivery,0
of,0
Newgate,0
",",0
held,0
for,0
the,0
CITY,0
of,0
London,0
",",0
and,0
COUNTY,0
of,0
Middlesex,0
",",0
at,0
Justice-Hall,0
in,0
the,0
Old,0
Bayly,0
",",0
ON,0
THE,0
ADJOURNMENT,0
On,0
Thursday,0
",",0
Friday,0
",",0
and,0
Saturday,0
",",0
being,0
the,0
"12th,13th",0
",",0
and,0
14th,0
",",0
of,0
this,0
Instant,0
"July,1716",0
.,0
In,0
the,0
Second,0
Year,0
of,0
His,0
MAJESTY,0
's,0
Reign,0
.,0
BEfore,0
the,0
Right,0
Hon,0
.,0
Sir,0
CHARLES,B-pers
PEERS,I-pers
",",0
Kt,0
.,0
Lord,0
Mayor,0
of,0
the,0
City,0
of,0
London,0
;,0
Lord,0
Chief,B-pers
Baron,I-pers
Bury,I-pers
",",0
Mr.,0
Justice,0
Tracy,0
",",0
Mr.,0
Justice,0
Pratt,0
",",0
Sir,0
William,B-pers
Thompson,I-pers
",",0
Kt,0
.,0
Recorder,0
;,0
with,0
several,0
of,0
His,0
Majesty,0
's,0
Justices,0
of,0
the,0
Peace,0
for,0
the,0
City,0
of,0
London,0
",",0
and,0
County,0
of,0
Middlesex,0
.,0
Thursday,0
",",0
July,0
12.1716,0
.,0
The,0
Juries,0
which,0
serv,0
'd,0
the,0
proceeding,0
Part,0
of,0
the,0
Sessions,0
for,0
the,0
City,0
of,0
London,0
and,0
County,0
of,0
Middlesex,0
",",0
being,0
continued,0
and,0
charg,0
'd,0
with,0
the,0
following,0
Prisoners,0
",",0
viz,0
.,0
Isaac,B-pers
Dalton,I-pers
",",0
George,B-pers
Fling,I-pers
Harry,B-pers
Cheap,I-pers
",",0
Christopher,B-pers
Smith,I-pers
",",0
and,0
James,B-pers
Dovet,I-pers
",",0
or,0
London,0
;,0
and,0
Alexander,B-pers
Gordon,I-pers
",",0
Gent,0
.,0
William,B-pers
Dale,I-pers
",",0
and,0
Charles,B-pers
Hornby,I-pers
",",0
for,0
Middlesex,0
",",0
all,0
",",0
except,0
Mr.,0
Gordon,0
",",0
having,0
been,0
arraign,0
'd,0
before,0
the,0
Court,0
proceeded,0
to,0
try,0
them,0
upon,0
their,0
several,0
Indictments,0
in,0
the,0
Manner,0
following,0
.,0
Alexander,B-pers
Gordon,I-pers
",",0
of,0
the,0
Parish,0
of,0
Kensington,B-place
",",0
Gent,0
.,0
was,0
indicted,0
for,0
the,0
Murder,0
of,0
James,B-pers
Cathcart,I-pers
",",0
Gent,0
.,0
by,0
giving,0
him,0
a,0
Mortal,0
Wound,0
with,0
a,0
Sword,0
on,0
the,0
right,0
side,0
of,0
his,0
Body,0
",",0
under,0
the,0
right,0
Breast,0
",",0
of,0
the,0
Breadth,0
of,0
half,0
an,0
Inch,0
",",0
and,0
of,0
the,0
Depth,0
of,0
16,0
Inches,0
",",0
of,0
which,0
he,0
instantly,0
died,0
.,0
He,0
was,0
also,0
indicted,0
upon,0
an,0
Inquisition,0
taken,0
before,0
the,0
Coroner,0
",",0
for,0
Manslaughter,0
.,0
The,0
first,0
Evidence,0
for,0
the,0
King,0
was,0
one,0
Mawbrey,0
",",0
who,0
depos,0
'd,0
That,0
about,0
8,0
a-Clock,0
in,0
the,0
Evening,0
he,0
saw,0
the,0
Prisoner,0
and,0
the,0
Deiceas,0
'd,0
come,0
down,B-place
Notting-Line,I-place
",",I-place
and,I-place
go,I-place
into,I-place
a,I-place
Corn,I-place
field,I-place
",",0
the,0
Deceas,0
'd,0
going,0
first,0
;,0
who,0
",",0
bidding,0
the,0
Prisoner,0
follow,0
him,0
",",0
and,0
speaking,0
very,0
angrily,0
",",0
gave,0
him,0
Reason,0
to,0
suspect,0
there,0
would,0
soon,0
be,0
Mischief,0
;,0
and,0
in,0
a,0
very,0
little,0
time,0
",",0
he,0
heard,0
the,0
Prisoner,0
cry,0
out,0
",",0
For,0
Crist,0
's,0
sake,0
",",0
Help,0
",",0
Help,0
;,0
and,0
when,0
he,0
was,0
come,0
up,0
to,0
them,0
",",0
he,0
found,0
the,0
Deceas,0
'd,0
on,0
the,0
Grass,0
",",0
and,0
the,0
Prisoner,0
himself,0
very,0
much,0
Wounded,0
",",0
having,0
been,0
run,0
throb,0
',0
the,0
Shoulder,0
",",0
and,0
part,0
of,0
the,0
Deceas'd,0
's,0
Sword,0
",",0
which,0
broke,0
within,0
him,0
",",0
sticking,0
out,0
behind,0
;,0
That,0
he,0
heard,0
the,0
Prisoner,0
say,0
to,0
the,0
Deceased,0
",",0
Was,0
I,0
the,0
Occasion,0
of,0
this,0
Injury,0
and,0
he,0
answer,0
'd,0
groaning,0
",",0
No,0
",",0
No,0
.,0
Then,0
Mr.,0
Dunbar,0
depos,0
'd,0
he,0
was,0
at,0
Old,0
Man,0
's,0
Coffee-house,0
by,0
Charing-Cross,0
",",0
and,0
the,0
Deceas,0
'd,0
being,0
there,0
",",0
ask,0
'd,0
him,0
what,0
News,0
",",0
who,0
replied,0
",",0
None,0
",",0
as,0
I,0
know,0
of,0
.,0
No,0
",",0
said,0
the,0
Deceas,0
'd,0
",",0
I,0
hear,0
News,0
about,0
fighting,0
",",0
but,0
the,0
King,0
's,0
Guards,0
would,0
not,0
let,0
them,0
;,0
and,0
that,0
there,0
was,0
no,0
fighting,0
now,0
without,0
the,0
Guards,0
;,0
upon,0
which,0
this,0
Evidence,0
told,0
him,0
",",0
he,0
did,0
not,0
do,0
well,0
to,0
talk,0
so,0
of,0
Things,0
when,0
a,0
Relation,0
of,0
the,0
Gentleman,0
who,0
was,0
concern,0
'd,0
was,0
near,0
him,0
",",0
(,0
the,0
Prisoner,0
being,0
in,0
the,0
same,0
Room,0
:,0
),0
To,0
which,0
he,0
said,0
",",0
he,0
did,0
not,0
care,0
for,0
one,0
nor,0
t'other,0
.,0
And,0
being,0
ask,0
'd,0
by,0
the,0
Prisoner,0
",",0
said,0
",",0
the,0
Deceas,0
'd,0
told,0
him,0
they,0
were,0
a,0
couple,0
of,0
worthless,0
Brothers,0
.,0
Then,0
Mr.,0
Urqubart,0
depos,0
'd,0
",",0
That,0
being,0
at,0
the,0
Same,0
Place,0
between,0
6,0
and,0
7,0
at,0
Night,0
",",0
he,0
and,0
Mr.,0
Cathcart,0
were,0
talking,0
about,0
indifferent,0
Things,0
",",0
and,0
the,0
Prisoner,0
came,0
to,0
them,0
she,0
told,0
the,0
Deceas,0
'd,0
he,0
heard,0
him,0
speak,0
disrespectfully,0
of,0
another,0
Gentleman,0
",",0
and,0
desired,0
to,0
know,0
who,0
was,0
his,0
Author,0
",",0
upon,0
which,0
the,0
Deceas,0
'd,0
replied,0
",",0
G,0
-,0
d,0
-,0
n,0
you,0
",",0
I,0
wont,0
tell,0
you,0
",",0
and,0
Shifting,0
his,0
Cane,0
made,0
a,0
Motion,0
to,0
strike,0
him,0
",",0
but,0
he,0
put,0
in,0
between,0
them,0
and,0
separated,0
them,0
",",0
and,0
soon,0
after,0
they,0
took,0
Coach,0
.,0
One,0
Barnes,0
depos,0
'd,0
He,0
saw,0
the,0
Prisoner,0
put,0
his,0
Hand,0
to,0
his,0
Sword,0
",",0
when,0
he,0
went,0
out,0
.,0
A,0
Surgeon,0
swore,0
",",0
the,0
Wound,0
the,0
Deceas,0
'd,0
receiv,0
'd,0
",",0
was,0
the,0
Cause,0
of,0
his,0
Death,0
;,0
and,0
that,0
he,0
took,0
a,0
Piece,0
of,0
a,0
Sword,0
out,0
of,0
the,0
Prisoner,0
's,0
Shoulder,0
.,0
Another,0
depos,0
'd,0
",",0
he,0
knew,0
the,0
Deceas'd,0
's,0
Sword,0
",",0
and,0
that,0
it,0
was,0
broke,0
.,0
And,0
another,0
",",0
That,0
the,0
Sword,0
the,0
Prisoner,0
fought,0
with,0
was,0
good,0
for,0
nothing,0
being,0
very,0
short,0
",",0
and,0
unfit,0
for,0
fighting,0
.,0
The,0
Prisoner,0
in,0
his,0
Defence,0
said,0
",",0
He,0
receiv,0
'd,0
five,0
Wounds,0
from,0
the,0
Deceas,0
'd,0
",",0
but,0
did,0
not,0
give,0
one,0
with,0
any,0
Malice,0
.,0
That,0
the,0
Deceas,0
'd,0
reflected,0
very,0
much,0
(,0
as,0
he,0
and,0
every,0
Body,0
in,0
the,0
Coffee-room,0
understood,0
it,0
),0
upon,0
his,0
Brother,0
",",0
Sir,0
William,B-pers
Gordon,I-pers
",",0
pretending,0
he,0
hired,0
the,0
Guards,0
to,0
prevent,0
his,0
fighting,0
the,0
Lord,0
Lovat,0
;,0
but,0
did,0
not,0
apply,0
himself,0
to,0
him,0
",",0
but,0
to,0
Mr.,0
Dunbar,0
.,0
That,0
afterwards,0
the,0
Deceas,0
'd,0
being,0
inform,0
'd,0
who,0
he,0
was,0
",",0
he,0
was,0
oblig,0
'd,0
to,0
ask,0
him,0
who,0
told,0
him,0
that,0
Story,0
;,0
which,0
if,0
he,0
refus,0
'd,0
to,0
answer,0
",",0
if,0
he,0
would,0
beg,0
his,0
Pardon,0
",",0
and,0
own,0
he,0
was,0
not,0
the,0
wrong,0
",",0
he,0
would,0
forgive,0
him,0
",",0
and,0
take,0
no,0
farther,0
Notice,0
of,0
what,0
had,0
passed,0
;,0
which,0
Expressions,0
he,0
utter,0
'd,0
with,0
-,0
abundance,0
of,0
Civility,0
and,0
Respect,0
;,0
however,0
",",0
the,0
Deceased,0
being,0
very,0
angry,0
",",0
shook,0
his,0
Cane,0
at,0
him,0
",",0
which,0
occasion,0
'd,0
their,0
fighting,0
;,0
and,0
after,0
he,0
had,0
receiv,0
'd,0
5,0
Wounds,0
from,0
him,0
",",0
he,0
own,0
'd,0
he,0
gave,0
him,0
that,0
which,0
he,0
was,0
sorry,0
for,0
;,0
who,0
then,0
told,0
him,0
",",0
he,0
found,0
himself,0
just,0
going,0
",",0
that,0
it,0
was,0
his,0
own,0
Fault,0
",",0
and,0
of,0
his,0
own,0
seeking,0
",",0
and,0
begg,0
'd,0
his,0
Pardon,0
for,0
what,0
had,0
happened,0
;,0
to,0
which,0
he,0
answer,0
'd,0
he,0
had,0
also,0
receiv,0
'd,0
his,0
Death,0
's,0
Wound,0
and,0
should,0
very,0
quickly,0
follow,0
him,0
;,0
but,0
in,0
the,0
mean,0
time,0
would,0
employ,0
what,0
Strength,0
he,0
had,0
left,0
to,0
the,0
very,0
last,0
in,0
his,0
Service,0
.,0
To,0
confirm,0
which,0
he,0
called,0
several,0
Witnesses,0
.,0
The,0
first,0
depos,0
'd,0
",",0
That,0
being,0
at,0
the,0
Coffee-house,0
aforesaid,0
",",0
the,0
Deceas,0
'd,0
came,0
in,0
",",0
and,0
ask,0
'd,0
Mr.,0
Dunbar,0
if,0
there,0
was,0
any,0
News,0
;,0
and,0
said,0
he,0
heard,0
that,0
some,0
of,0
his,0
Countrymen,0
had,0
a,0
new,0
Way,0
of,0
fighting,0
",",0
which,0
was,0
",",0
after,0
they,0
had,0
agreed,0
to,0
fight,0
",",0
to,0
hire,0
the,0
Guards,0
to,0
prevent,0
it,0
.,0
Upon,0
which,0
the,0
Prisoner,0
ask,0
'd,0
him,0
if,0
he,0
knew,0
the,0
Gentleman,0
who,0
was,0
so,0
free,0
with,0
his,0
Countrymen,0
",",0
and,0
he,0
told,0
him,0
No,0
",",0
and,0
fearing,0
Mischief,0
went,0
out,0
.,0
Another,0
Gentleman,0
depos,0
'd,0
.,0
That,0
after,0
he,0
heard,0
that,0
Major,0
Cathcart,B-pers
had,0
cast,0
some,0
Reflections,0
upon,0
the,0
Prisoner,0
's,0
Brother,0
",",0
the,0
Prisoner,0
went,0
to,0
him,0
and,0
ask,0
'd,0
him,0
some,0
Questions,0
",",0
which,0
he,0
seem,0
'd,0
to,0
urge,0
;,0
and,0
when,0
the,0
Deceas,0
'd,0
gave,0
him,0
an,0
Answer,0
",",0
he,0
observ,0
'd,0
him,0
to,0
shake,0
his,0
Cane,0
;,0
and,0
then,0
Captain,0
Urqubert,B-pers
stept,0
between,0
them,0
and,0
prevented,0
the,0
Blow,0
;,0
After,0
which,0
the,0
Deceas,0
'd,0
flew,0
back,0
",",0
and,0
said,0
",",0
stand,0
off,0
you,0
Dog,0
",",0
and,0
shook,0
his,0
Cane,0
over,0
his,0
Head,0
",",0
and,0
again,0
",",0
That,0
if,0
he,0
did,0
not,0
go,0
immediately,0
out,0
of,0
the,0
Room,0
",",0
he,0
would,0
beat,0
him,0
like,0
a,0
Dog,0
;,0
and,0
then,0
the,0
Prisoner,0
took,0
hold,0
of,0
his,0
Sleeve,0
and,0
they,0
both,0
went,0
out,0
together,0
.,0
Upon,0
which,0
Occasion,0
he,0
ask,0
'd,0
it,0
no,0
Gentleman,0
there,0
would,0
follow,0
them,0
",",0
and,0
prevent,0
the,0
Mischief,0
;,0
and,0
was,0
inform,0
'd,0
that,0
Captain,0
Urqubart,B-pers
was,0
the,0
Prisoner,0
's,0
Cousin,0
.,0
Another,0
depos,0
'd,0
he,0
saw,0
Mr.,0
Dunbar,0
and,0
the,0
Prisoner,0
together,0
in,0
the,0
Coffee,0
house,0
;,0
and,0
the,0
Deceas,0
'd,0
drew,0
a,0
Chair,0
into,0
their,0
Company,0
;,0
after,0
which,0
they,0
quarell,0
'd,0
.,0
Another,0
depos,0
'd,0
",",0
That,0
being,0
in,0
the,0
same,0
Coffee-room,0
",",0
when,0
the,0
Deceas,0
'd,0
reflected,0
so,0
upon,0
the,0
Prisoner,0
's,0
Brother,0
",",0
he,0
observ,0
'd,0
several,0
Gentleman,0
to,0
laugh,0
on,0
the,0
account,0
of,0
the,0
Prisoner,0
's,0
Patience,0
",",0
in,0
not,0
taking,0
Notice,0
of,0
it,0
sooner,0
.,0
Another,0
Evidence,0
depos,0
'd,0
",",0
He,0
heard,0
the,0
Prisoner,0
say,0
to,0
the,0
Deceas,0
'd,0
in,0
the,0
Road,0
",",0
Why,0
should,0
we,0
fight,0
?,0
What,0
will,0
it,0
Signifie,0
?,0
but,0
the,0
Deceas,0
'd,0
said,0
Pugh,0
",",0
Pugh,0
we,0
shall,0
se,0
that,0
by,0
and,0
by,0
;,0
and,0
ringing,0
the,0
Flowers,0
off,0
his,0
Nosegay,0
",",0
threw,0
them,0
into,0
the,0
Prisoner,0
's,0
Face,0
.,0
Another,0
",",0
That,0
he,0
saw,0
them,0
in,0
Love-lane,0
",",0
and,0
they,0
appear,0
'd,0
to,0
be,0
in,0
a,0
very,0
earnest,0
Discourse,0
;,0
but,0
the,0
Deceas,0
'd,0
broke,0
it,0
off,0
by,0
throwing,0
something,0
into,0
the,0
Prisoner,0
's,0
Face,0
.,0
A,0
Boy,0
swore,0
",",0
he,0
heard,0
the,0
Prisoner,0
say,0
to,0
the,0
Deceas,0
'd,0
just,0
before,0
they,0
fought,0
",",0
You,0
know,0
me,0
",",0
and,0
I,0
know,0
you,0
;,0
what,0
signifies,0
our,0
Quarelling,0
?,0
The,0
Right,0
Honourable,0
the,0
Earl,B-pers
of,I-pers
Southerland,I-pers
appear,0
'd,0
in,0
Court,0
",",0
and,0
gave,0
the,0
Prisoner,0
the,0
Character,0
of,0
as,0
peaceable,0
",",0
quiet,0
and,0
civil,0
a,0
Gentleman,0
",",0
as,0
any,0
his,0
Lordship,0
was,0
acquainted,0
with,0
.,0
Dr.,0
Wellwood,0
depos,0
'd,0
",",0
the,0
Nature,0
of,0
his,0
Wounds,0
were,0
too,0
great,0
a,0
Provocation,0
for,0
a,0
Man,0
to,0
bear,0
.,0
General,0
Ross,0
swore,0
",",0
he,0
knew,0
him,0
very,0
well,0
",",0
and,0
was,0
satisfied,0
he,0
was,0
a,0
very,0
peaceable,0
Gentleman,0
",",0
not,0
at,0
all,0
given,0
to,0
quarrel,0
",",0
or,0
affront,0
;,0
and,0
was,0
sure,0
he,0
had,0
this,0
Character,0
among,0
all,0
his,0
Neighbours,0
.,0
It,0
being,0
evident,0
upon,0
the,0
whole,0
",",0
that,0
there,0
was,0
no,0
premeditated,0
Malice,0
",",0
but,0
that,0
the,0
Blood,0
had,0
not,0
time,0
to,0
cool,0
;,0
the,0
Jury,0
found,0
the,0
Prisoner,0
Guilty,0
of,0
Manslaughter,0
only,0
.,0
[,0
Branding,0
.,0
See,0
summary,0
.,0
],0
William,B-pers
Dale,I-pers
",",0
was,0
indicted,0
for,0
a,0
Misdemeanor,0
in,0
attempting,0
to,0
suborn,0
Thomas,B-pers
Warmsley,I-pers
to,0
give,0
false,0
Evidence,0
in,0
the,0
Trials,0
of,0
Mr.,0
Howard,0
and,0
Mr.,0
Standish,0
",",0
two,0
of,0
the,0
Rebel,0
Prisoners,0
:,0
And,0
to,0
prove,0
this,0
",",0
Warmsely,0
was,0
sworn,0
",",0
who,0
depos,0
'd,0
.,0
The,0
Prisoner,0
came,0
to,0
him,0
",",0
and,0
ask,0
'd,0
him,0
",",0
if,0
he,0
knew,0
Mr.,0
Howard,0
and,0
Mr.,0
Standish,0
",",0
and,0
he,0
said,0
No,0
.,0
Then,0
he,0
told,0
him,0
",",0
You,0
appear,0
to,0
be,0
an,0
honest,0
Man,0
",",0
and,0
not,0
greedy,0
of,0
Blood,0
",",0
if,0
you,0
will,0
appear,0
as,0
an,0
Evidence,0
for,0
the,0
Gentlemen,0
aforesaid,0
",",0
you,0
shall,0
be,0
well,0
rewarded,0
;,0
and,0
read,0
a,0
Paper,0
to,0
him,0
",",0
which,0
was,0
to,0
be,0
the,0
Guide,0
of,0
his,0
Evidence,0
and,0
Responses,0
:,0
The,0
Substance,0
of,0
which,0
follows,0
.,0
That,0
Mr.,0
Standish,0
and,0
Mr.,0
Howard,0
came,0
to,0
the,0
Anchor,0
at,0
Preston,0
",",0
where,0
he,0
was,0
a,0
Servant,0
",",0
and,0
ask,0
'd,0
him,0
if,0
he,0
could,0
shew,0
them,0
a,0
By,0
way,0
out,0
of,0
the,0
Town,0
",",0
and,0
he,0
told,0
them,0
he,0
durst,0
not,0
do,0
it,0
",",0
Troops,0
being,0
posted,0
every,0
where,0
.,0
That,0
then,0
they,0
shew,0
'd,0
a,0
great,0
Dislike,0
to,0
faster,0
's,0
Conduct,0
",",0
for,0
staying,0
so,0
long,0
in,0
it,0
",",0
and,0
said,0
they,0
would,0
",",0
get,0
out,0
of,0
it,0
thro,0
',0
all,0
Events,0
;,0
and,0
employ,0
'd,0
him,0
to,0
get,0
them,0
a,0
couple,0
of,0
Guides,0
to,0
that,0
Purpose,0
.,0
All,0
which,0
he,0
said,0
was,0
false,0
;,0
and,0
he,0
thought,0
himself,0
oblig,0
'd,0
to,0
acquaint,0
the,0
King,0
's,0
Council,0
with,0
it,0
:,0
Besides,0
this,0
",",0
there,0
was,0
all,0
the,0
necessary,0
Proofs,0
of,0
the,0
Fact,0
",",0
and,0
the,0
Jury,0
found,0
the,0
Prisoner,0
",",0
who,0
made,0
no,0
Defence,0
(,0
not,0
so,0
much,0
as,0
to,0
deny,0
it,0
),0
Guilty,0
of,0
the,0
Indictment,0
.,0
[,0
Pillory,0
.,0
See,0
summary,0
.,0
],0
[,0
Fine,0
.,0
See,0
summary,0
.,0
],0
[,0
Imprisonment,0
.,0
See,0
summary,0
.,0
],0
[,0
Provide,0
sureties,0
for,0
good,0
behaviour,0
.,0
See,0
summary,0
.,0
],0
Charles,B-pers
Hornby,I-pers
",",0
a,0
Hawker,0
",",0
was,0
indicted,0
for,0
a,0
",",0
Misdemeanor,0
",",0
in,0
Publishing,0
the,0
following,0
Seditious,0
Libels,0
",",0
viz,0
.,0
one,0
call,0
'd,0
Cuto,0
's,0
another,0
",",0
Almost,0
Gracious,0
Speech,0
paraphras,0
'd,0
in,0
plain,0
English,0
Metre,0
for,0
the,0
Use,0
of,0
the,0
Vulgar,0
;,0
and,0
a,0
third,0
",",0
Pasquin,0
to,0
the,0
Queen,0
's,0
Statue,0
on,0
St.,0
Paul,0
's,0
:,0
In,0
which,0
were,0
several,0
Seditious,0
Verses,0
and,0
Expressions,0
",",0
highly,0
reflecting,0
on,0
the,0
King,0
and,0
Government,0
.,0
The,0
Prisoner,0
",",0
it,0
seems,0
",",0
was,0
a,0
private,0
Hawker,0
",",0
and,0
carried,0
these,0
",",0
and,0
other,0
Things,0
of,0
the,0
same,0
Criminal,0
Nature,0
",",0
about,0
in,0
his,0
Budget,0
;,0
which,0
being,0
made,0
known,0
to,0
a,0
Person,0
in,0
Authority,0
",",0
he,0
demanded,0
his,0
Budget,0
in,0
Westminster's-Hall,B-place
",",0
where,0
the,0
Prisoner,0
was,0
taken,0
;,0
and,0
searching,0
it,0
",",0
found,0
the,0
Libels,0
aforesaid,0
.,0
The,0
Prisoner,0
own,0
'd,0
his,0
Livelihood,0
depended,0
upon,0
felling,0
Pamphlets,0
in,0
that,0
Manner,0
",",0
as,0
his,0
Father,0
did,0
before,0
.,0
The,0
Jury,0
found,0
him,0
Guilty,0
.,0
[,0
Whipping,0
.,0
See,0
summary,0
.,0
],0
[,0
Imprisonment,0
.,0
See,0
summary,0
.,0
],0
Isaac,B-pers
Dalton,I-pers
",",0
was,0
indicted,0
for,0
a,0
Misdemeanor,0
",",0
in,0
saying,0
King,0
G,0
-,0
ge,0
is,0
a,0
Rogue,0
",",0
G,0
-,0
d,0
d,0
-,0
n,0
him,0
.,0
It,0
appear,0
'd,0
the,0
Prisoner,0
committed,0
this,0
very,0
great,0
Offence,0
even,0
after,0
he,0
was,0
confin,0
'd,0
in,0
Newgate,0
",",0
for,0
Printing,0
and,0
Publishing,0
a,0
most,0
seditious,0
Libel,0
",",0
called,0
Weekly,0
Remarks,0
.,0
It,0
was,0
positively,0
sworn,0
against,0
him,0
;,0
with,0
the,0
Aggravation,0
of,0
cursing,0
at,0
the,0
same,0
Time,0
several,0
Honourable,0
Persons,0
",",0
who,0
have,0
appear,0
'd,0
continously,0
in,0
his,0
Majesty,0
's,0
Interest,0
.,0
The,0
Jury,0
found,0
him,0
Guilty,0
.,0
He,0
was,0
a,0
Second,0
Time,0
indicted,0
for,0
attempting,0
to,0
debauch,0
the,0
Soldiers,0
",",0
who,0
were,0
upon,0
Guard,0
at,0
Newgate,B-place
",",0
on,0
his,0
Majesty,0
last,0
Birth-day,0
.,0
It,0
was,0
prov,0
'd,0
by,0
Mr.,0
Smith,0
",",0
who,0
was,0
appointed,0
by,0
my,0
Lord,0
Mayor,0
and,0
the,0
Sheriffs,0
",",0
to,0
super,0
intend,0
the,0
Goal,0
of,0
Newgate,0
",",0
That,0
the,0
Prisoner,0
had,0
Leave,0
to,0
visit,0
some,0
of,0
the,0
Rebels,0
;,0
and,0
in,0
his,0
Return,0
",",0
as,0
he,0
went,0
by,0
the,0
Soldiers,0
",",0
he,0
threw,0
them,0
a,0
Shiling,0
",",0
and,0
bid,0
them,0
drink,0
the,0
Pretender,0
's,0
Health,0
by,0
the,0
Name,0
of,0
King,0
James,0
;,0
upon,0
which,0
he,0
call,0
'd,0
him,0
back,0
",",0
and,0
knowing,0
him,0
to,0
be,0
a,0
Prisoner,0
already,0
",",0
let,0
him,0
go,0
;,0
but,0
told,0
him,0
he,0
would,0
take,0
care,0
to,0
have,0
him,0
prosecuted,0
for,0
his,0
Impudence,0
.,0
He,0
took,0
this,0
Occasion,0
to,0
do,0
the,0
Soldiers,0
Justice,0
",",0
who,0
unanimously,0
rejected,0
the,0
Proposal,0
with,0
the,0
greatest,0
Scorn,0
and,0
Contempt,0
.,0
The,0
Jury,0
found,0
him,0
Guilty,0
.,0
He,0
was,0
a,0
Third,0
Time,0
",",0
Indicted,0
",",0
for,0
a,0
Misdemeanor,0
",",0
in,0
Printing,0
and,0
Publishing,0
a,0
Libel,0
",",0
call,0
'd,0
Weekly,0
Remarks,0
",",0
&,0
c,0
.,0
in,0
which,0
are,0
contain,0
'd,0
several,0
Expressions,0
",",0
highly,0
reflecting,0
on,0
his,0
present,0
Majesty,0
and,0
Government,0
.,0
The,0
first,0
Evidence,0
was,0
Mr.,0
Squire,0
",",0
who,0
depos,0
'd,0
he,0
had,0
the,0
Papers,0
from,0
Mrs.,0
Grover,0
",",0
and,0
she,0
",",0
That,0
they,0
were,0
brought,0
to,0
her,0
from,0
the,0
Prisoner,0
's,0
Sister,0
",",0
to,0
whom,0
she,0
paid,0
the,0
Money,0
for,0
his,0
Use,0
",",0
which,0
was,0
a,0
Guinea,0
at,0
one,0
Time,0
",",0
and,0
two,0
at,0
another,0
",",0
having,0
been,0
told,0
she,0
acted,0
for,0
him,0
.,0
That,0
she,0
receiv,0
'd,0
a,0
Letter,0
from,0
a,0
Porter,0
",",0
in,0
the,0
Prisoner,0
's,0
Name,0
",",0
in,0
which,0
were,0
Expressions,0
tending,0
to,0
prove,0
him,0
to,0
be,0
the,0
Printer,0
of,0
the,0
said,0
Libel,0
.,0
But,0
that,0
she,0
did,0
not,0
know,0
the,0
Prisoner,0
himself,0
",",0
having,0
always,0
dealt,0
with,0
his,0
Sister,0
;,0
nor,0
could,0
she,0
swear,0
the,0
Letter,0
was,0
written,0
by,0
him,0
.,0
Then,0
the,0
Porter,0
was,0
sworn,0
",",0
but,0
Mrs.,0
Grover,0
did,0
not,0
know,0
him,0
",",0
which,0
put,0
aside,0
his,0
Evidence,0
.,0
And,0
her,0
Daughter,0
depos,0
'd,0
",",0
That,0
she,0
was,0
abroad,0
when,0
the,0
Letter,0
came,0
to,0
her,0
Mother,0
",",0
and,0
did,0
not,0
see,0
the,0
Porter,0
",",0
but,0
confirm,0
'd,0
that,0
Part,0
of,0
her,0
Mother,0
's,0
Evidence,0
which,0
concern,0
'd,0
her,0
transacting,0
Business,0
with,0
the,0
Prisoner,0
's,0
Sister,0
for,0
his,0
Use,0
.,0
Mr.,0
Stakehouse,0
depos,0
'd,0
",",0
One,0
Wright,0
came,0
to,0
the,0
Stamp-Office,0
with,0
nine,0
of,0
these,0
Papers,0
(,0
amongst,0
which,0
was,0
the,0
Paper,0
in,0
question,0
),0
to,0
pay,0
the,0
Duties,0
from,0
Mrs.,0
Dalton,0
",",0
and,0
to,0
be,0
enter,0
'd,0
",",0
but,0
not,0
coming,0
in,0
Time,0
it,0
was,0
refus,0
'd,0
.,0
Wright,0
swore,0
he,0
had,0
them,0
from,0
one,0
Withers,0
",",0
on,0
Snow-bill,0
",",0
being,0
directed,0
there,0
by,0
Mrs.,0
Dalton,0
.,0
Then,0
Hawkins,0
stood,0
up,0
again,0
",",0
and,0
swore,0
he,0
was,0
call,0
'd,0
",",0
being,0
a,0
Porter,0
",",0
to,0
Newgate,0
",",0
and,0
a,0
Man,0
ask,0
'd,0
him,0
what,0
he,0
would,0
have,0
to,0
go,0
to,0
the,0
Stamp-Office,0
",",0
and,0
receiv,0
'd,0
3,0
s.,0
to,0
pay,0
for,0
Duties,0
",",0
and,0
had,0
6,0
d.,0
for,0
his,0
Pains,0
",",0
but,0
did,0
not,0
know,0
the,0
Man,0
again,0
from,0
whom,0
he,0
receiv,0
'd,0
it,0
.,0
Then,0
Mr.,0
Squire,0
farther,0
depos,0
'd,0
",",0
That,0
when,0
he,0
took,0
the,0
Prisoner,0
up,0
",",0
he,0
own,0
'd,0
to,0
him,0
",",0
that,0
he,0
printed,0
the,0
Papers,0
under,0
that,0
Title,0
",",0
but,0
did,0
not,0
that,0
he,0
printed,0
that,0
particularly,0
mention,0
'd,0
in,0
the,0
Indictment,0
.,0
Squire,0
also,0
deposed,0
that,0
he,0
afterwards,0
found,0
and,0
took,0
one,0
of,0
the,0
very,0
Papers,0
in,0
question,0
at,0
the,0
Prisoner,0
's,0
House,0
",",0
where,0
his,0
Printing,0
Press,0
was,0
kept,0
.,0
However,0
the,0
Evidence,0
failing,0
in,0
fixing,0
that,0
particularly,0
",",0
for,0
which,0
he,0
was,0
cried,0
",",0
upon,0
the,0
Prisoner,0
",",0
he,0
was,0
acquitted,0
.,0
[,0
Fine,0
.,0
See,0
summary,0
.,0
],0
[,0
Imprisonment,0
.,0
See,0
summary,0
.,0
],0
[,0
Provide,0
sureties,0
for,0
good,0
behaviour,0
.,0
See,0
summary,0
.,0
],0
George,B-pers
Flint,I-pers
",",0
was,0
indicted,0
for,0
a,0
Misdemeanor,0
in,0
Writing,0
a,0
seditious,0
Libel,0
",",0
intituled,0
",",0
Weekly,0
Remarks,0
",",0
or,0
Political,0
Reflections,0
on,0
the,0
most,0
material,0
News,0
Foreign,0
and,0
Domestick,0
.,0
It,0
appear,0
'd,0
very,0
plain,0
from,0
the,0
Evidence,0
",",0
That,0
the,0
Prisoner,0
had,0
confess,0
'd,0
he,0
was,0
concern,0
'd,0
in,0
writing,0
the,0
said,0
Libel,0
with,0
another,0
Person,0
",",0
which,0
was,0
to,0
be,0
of,0
a,0
different,0
Nature,0
from,0
any,0
yet,0
publish,0
'd,0
:,0
That,0
the,0
Prisoner,0
was,0
seen,0
to,0
write,0
some,0
Part,0
of,0
the,0
said,0
Paper,0
.,0
That,0
it,0
came,0
from,0
his,0
own,0
Hands,0
to,0
the,0
Press,0
.,0
And,0
that,0
he,0
had,0
own,0
'd,0
to,0
my,0
Lord,0
Townshend,0
and,0
others,0
",",0
he,0
wrote,0
it,0
for,0
his,0
Bread,0
.,0
The,0
Prisoner,0
in,0
his,0
Defence,0
had,0
nothing,0
to,0
say,0
to,0
the,0
Fact,0
",",0
which,0
he,0
could,0
not,0
deny,0
",",0
but,0
thought,0
to,0
bring,0
himself,0
off,0
by,0
quarrelling,0
with,0
what,0
he,0
apprehended,0
to,0
be,0
uncivil,0
",",0
absurd,0
",",0
false,0
Latin,0
and,0
un,0
generous,0
",",0
in,0
the,0
Indictment,0
;,0
which,0
was,0
far,0
from,0
doing,0
him,0
Service,0
;,0
it,0
being,0
drawn,0
up,0
as,0
the,0
Custom,0
in,0
the,0
Law,0
directs,0
",",0
and,0
in,0
the,0
Manner,0
that,0
it,0
always,0
understands,0
.,0
The,0
Jury,0
found,0
him,0
Guilty,0
.,0
[,0
Fine,0
.,0
See,0
summary,0
.,0
],0
[,0
Imprisonment,0
.,0
See,0
summary,0
.,0
],0
[,0
Provide,0
sureties,0
for,0
good,0
behaviour,0
.,0
See,0
summary,0
.,0
],0
Harry,B-pers
Cheap,I-pers
",",0
was,0
indicted,0
for,0
a,0
Misdemeanor,0
",",0
in,0
publishing,0
a,0
Letter,0
to,0
Sir,0
Richard,B-pers
Steel,I-pers
",",0
in,0
which,0
were,0
several,0
Passages,0
very,0
much,0
reflecting,0
on,0
the,0
Revolution,0
",",0
and,0
King,0
William,0
",",0
and,0
striking,0
at,0
the,0
very,0
Root,0
of,0
it,0
",",0
and,0
tending,0
to,0
make,0
all,0
those,0
brave,0
Persons,0
who,0
were,0
concern,0
'd,0
in,0
it,0
appear,0
as,0
Rebels,0
and,0
Traitors,0
.,0
The,0
Libel,0
was,0
taken,0
upon,0
him,0
;,0
but,0
there,0
was,0
Proof,0
that,0
publishing,0
such,0
Libels,0
was,0
his,0
Business,0
and,0
Livelihood,0
",",0
and,0
the,0
Jury,0
found,0
him,0
Guilty,0
.,0
[,0
Fine,0
.,0
See,0
summary,0
.,0
],0
[,0
Imprisonment,0
.,0
See,0
summary,0
.,0
],0
[,0
Provide,0
sureties,0
for,0
good,0
behaviour,0
.,0
See,0
summary,0
.,0
],0
Christopher,B-pers
Smith,I-pers
",",0
was,0
indicted,0
for,0
a,0
Misdemeanor,0
in,0
Publishing,0
a,0
seditious,0
Libel,0
",",0
entituled,0
",",0
The,0
Answer,0
of,0
the,0
Reverend,0
and,0
Learned,0
Mr.,0
Nash,0
",",0
to,0
a,0
Letter,0
sent,0
him,0
by,0
his,0
Cousin,0
after,0
the,0
Death,0
of,0
our,0
late,0
most,0
Gracious,0
Sovereign,0
Lord,0
King,0
James,B-pers
II,I-pers
.,0
In,0
which,0
were,0
several,0
Expressions,0
in,0
Vindication,0
of,0
the,0
Pretender,0
's,0
Title,0
",",0
reflecting,0
on,0
the,0
Revolution,0
and,0
obnoxious,0
to,0
the,0
present,0
happy,0
Establishment,0
",",0
the,0
Design,0
of,0
which,0
it,0
was,0
to,0
disturb,0
.,0
The,0
Fact,0
was,0
directly,0
prov,0
'd,0
",",0
and,0
the,0
Prisoner,0
had,0
the,0
marchless,0
Impudence,0
to,0
avow,0
to,0
",",0
and,0
abide,0
by,0
",",0
the,0
Contents,0
of,0
it,0
in,0
open,0
Court,0
.,0
The,0
Jury,0
found,0
him,0
Guilty,0
.,0
[,0
Fine,0
.,0
See,0
summary,0
.,0
],0
[,0
Imprisonment,0
.,0
See,0
summary,0
.,0
],0
[,0
Provide,0
sureties,0
for,0
good,0
behaviour,0
.,0
See,0
summary,0
.,0
],0
James,B-pers
Dover,I-pers
",",0
was,0
indicted,0
for,0
a,0
Misdemeanor,0
in,0
Printing,0
",",0
with,0
an,0
Intention,0
to,0
Publish,0
",",0
Part,0
of,0
a,0
most,0
seditious,0
Libel,0
",",0
entituled,0
",",0
A,0
suppliment,0
to,0
the,0
Church,0
of,0
England,0
's,0
Advice,0
to,0
her,0
Children,0
so,0
all,0
Kings,0
",",0
Princes,0
and,0
Potentates,0
;,0
in,0
which,0
were,0
several,0
Expressions,0
as,0
in,0
many,0
of,0
the,0
others,0
",",0
that,0
might,0
have,0
been,0
call,0
'd,0
treasonable,0
.,0
The,0
Prisoner,0
confess,0
'd,0
he,0
was,0
Guilty,0
of,0
the,0
Printing,0
;,0
and,0
the,0
Jury,0
found,0
him,0
so,0
accordingly,0
.,0
[,0
Fine,0
.,0
See,0
summary,0
.,0
],0
[,0
Imprisonment,0
.,0
See,0
summary,0
.,0
],0
[,0
Provide,0
sureties,0
for,0
good,0
behaviour,0
.,0
See,0
summary,0
.,0
],0
Mary,B-pers
Dalton,I-pers
",",0
who,0
was,0
indicted,0
for,0
a,0
Misdemeanor,0
",",0
in,0
Publishing,0
a,0
seditious,0
Libel,0
",",0
intituled,0
",",0
Robin,0
's,0
last,0
Shift,0
;,0
or,0
",",0
Weekly,0
Remarks,0
on,0
the,0
most,0
material,0
News,0
Foreign,0
and,0
Domestick,0
",",0
in,0
which,0
was,0
a,0
Paragraph,0
highly,0
reflecting,0
in,0
the,0
most,0
affronting,0
and,0
impudent,0
Expressions,0
",",0
on,0
his,0
Majesty,0
's,0
Person,0
and,0
Government,0
",",0
and,0
both,0
Houses,0
of,0
Parliament,0
.,0
It,0
was,0
positively,0
sworn,0
",",0
and,0
prov,0
'd,0
upon,0
her,0
",",0
who,0
said,0
nothing,0
in,0
her,0
Defence,0
",",0
but,0
that,0
she,0
did,0
it,0
by,0
her,0
Brother,0
's,0
Order,0
.,0
The,0
Jury,0
found,0
her,0
Guilty,0
.,0
[,0
Fine,0
.,0
See,0
summary,0
.,0
],0
[,0
Imprisonment,0
.,0
See,0
summary,0
.,0
],0
[,0
Provide,0
sureties,0
for,0
good,0
behaviour,0
.,0
See,0
summary,0
.,0
],0
Saturday,0
",",0
July,0
"14,1716",0
.,0
THis,0
Day,0
came,0
on,0
the,0
Trial,0
of,0
William,B-pers
Pitts,I-pers
",",0
Gent,0
.,0
for,0
High,0
Treason,0
",",0
who,0
challeng,0
'd,0
23,0
",",0
when,0
a,0
Jury,0
being,0
sworn,0
",",0
viz,0
.,0
Sir,0
Daniel,B-pers
Wray,I-pers
",",0
Knt,0
.,0
Richard,B-pers
Smith,I-pers
Robert,B-pers
Thorpe,I-pers
Henry,B-pers
Hankey,I-pers
Thomas,B-pers
Geering,I-pers
Joseph,B-pers
Goddard,I-pers
John,B-pers
Shorey,I-pers
Thomas,B-pers
Gouge,I-pers
John,B-pers
Farr,I-pers
Robert,B-pers
Gill,I-pers
Joseph,B-pers
Windmill,I-pers
William,B-pers
Kent,I-pers
His,0
Trial,0
was,0
at,0
follows,0
:,0
William,B-pers
Pitts,I-pers
",",0
of,0
London,0
Gent,0
.,0
indicted,0
for,0
High,0
Treason,0
;,0
for,0
whereas,0
he,0
being,0
Keeper,0
of,0
the,0
Goal,0
of,0
Newgate,0
",",0
on,0
and,0
before,0
the,0
8th,0
of,0
December,0
last,0
",",0
and,0
whereas,0
Thomas,B-pers
Foster,I-pers
",",0
jun,0
a,0
false,0
Rebel,0
and,0
Traitor,0
to,0
his,0
most,0
Excellent,0
Majesty,0
King,0
George,0
",",0
was,0
on,0
the,0
Day,0
aforesaid,0
committed,0
to,0
him,0
the,0
said,0
Prisoner,0
",",0
to,0
be,0
kept,0
close,0
and,0
secure,0
in,0
the,0
said,0
Goal,0
till,0
he,0
should,0
be,0
discharged,0
by,0
due,0
Course,0
of,0
Law,0
",",0
he,0
the,0
said,0
Prisoner,0
on,0
the,0
11th,0
of,0
April,0
last,0
",",0
not,0
having,0
the,0
Fear,0
of,0
God,0
in,0
his,0
Heart,0
",",0
but,0
being,0
moved,0
and,0
seduced,0
by,0
the,0
Instigation,0
of,0
the,0
Devil,0
",",0
&,0
c,0
.,0
as,0
a,0
false,0
Traitor,0
",",0
&,0
c,0
.,0
did,0
permit,0
",",0
aid,0
",",0
and,0
abett,0
the,0
said,0
Foster,0
to,0
make,0
his,0
Escape,0
out,0
of,0
the,0
said,0
Goal,0
",",0
contrary,0
to,0
the,0
Duty,0
of,0
his,0
Allegiance,0
&,0
c.,0
The,0
Council,0
for,0
the,0
King,0
having,0
open,0
'd,0
the,0
Indictment,0
",",0
and,0
the,0
Nature,0
and,0
Manner,0
of,0
the,0
Offence,0
",",0
my,0
Lord,0
Townshend,0
's,0
Warrant,0
for,0
the,0
Commitment,0
was,0
prov,0
'd,0
",",0
which,0
occasion,0
'd,0
some,0
Debate,0
between,0
the,0
Council,0
on,0
both,0
sides,0
;,0
but,0
the,0
Objections,0
on,0
the,0
Part,0
of,0
the,0
Prisoner,0
being,0
over-rul,0
'd,0
",",0
Mr.,0
Rewse,0
was,0
sworn,0
",",0
who,0
depos,0
'd,0
",",0
That,0
on,0
the,0
Day,0
mention,0
'd,0
in,0
the,0
Indictment,0
",",0
Mr.,0
Foster,0
was,0
committed,0
to,0
Newgate,B-place
into,0
the,0
Prisoner,0
his,0
Master,0
's,0
Custody,0
and,0
remain,0
'd,0
so,0
till,0
he,0
made,0
his,0
Escape,0
.,0
That,0
it,0
was,0
the,0
Custom,0
in,0
the,0
said,0
Prison,0
",",0
both,0
before,0
and,0
after,0
",",0
sometimes,0
at,0
11,0
",",0
and,0
sometimes,0
at,0
12,0
a-Clock,0
at,0
Night,0
",",0
to,0
put,0
the,0
Guard,0
into,0
the,0
Press-yard,0
",",0
which,0
was,0
the,0
Business,0
of,0
Mr.,0
Ballard,0
his,0
Fellow,0
Servant,0
;,0
and,0
when,0
he,0
had,0
done,0
",",0
and,0
every,0
thing,0
made,0
secure,0
",",0
his,0
Master,0
the,0
Prisoner,0
receiv,0
'd,0
the,0
Keys,0
",",0
and,0
took,0
particular,0
Care,0
of,0
Mr.,0
Foster,0
himself,0
.,0
That,0
his,0
Master,0
was,0
always,0
very,0
diligent,0
in,0
performing,0
his,0
Duty,0
",",0
and,0
told,0
him,0
",",0
he,0
went,0
to,0
the,0
Secretary,0
's,0
Office,0
to,0
acquaint,0
them,0
of,0
the,0
Necessity,0
of,0
a,0
Guard,0
",",0
which,0
was,0
accordingly,0
ordered,0
;,0
besides,0
which,0
",",0
he,0
was,0
at,0
the,0
Charge,0
of,0
two,0
Watchmen,0
",",0
who,0
took,0
their,0
Turns,0
every,0
Night,0
",",0
who,0
were,0
to,0
inspect,0
the,0
Soldiers,0
",",0
and,0
prevent,0
their,0
being,0
brib,0
'd,0
.,0
That,0
on,0
the,0
Night,0
aforesaid,0
",",0
he,0
being,0
asleep,0
in,0
the,0
Lodge,0
",",0
his,0
Master,0
came,0
to,0
him,0
very,0
much,0
surpriz,0
'd,0
",",0
and,0
told,0
him,0
that,0
which,0
was,0
his,0
greatest,0
Care,0
would,0
now,0
be,0
his,0
Ruin,0
",",0
and,0
shew,0
'd,0
him,0
a,0
false,0
Key,0
",",0
upon,0
which,0
he,0
told,0
him,0
",",0
there,0
was,0
a,0
Man,0
in,0
the,0
Prison,0
who,0
had,0
been,0
a,0
Servant,0
to,0
the,0
City-Smith,0
",",0
and,0
had,0
him,0
examin,0
'd,0
",",0
but,0
he,0
denied,0
his,0
being,0
any,0
ways,0
acquainted,0
with,0
the,0
making,0
of,0
that,0
Key,0
",",0
and,0
his,0
Master,0
order,0
'd,0
him,0
immediately,0
to,0
be,0
confin,0
'd,0
.,0
Then,0
he,0
and,0
Mr.,0
Ballard,0
took,0
a,0
Link,0
and,0
went,0
to,0
Billingsgate,0
",",0
and,0
enquir,0
'd,0
at,0
the,0
Dark-houses,0
if,0
",",0
any,0
Person,0
had,0
just,0
gone,0
off,0
",",0
or,0
had,0
bespoke,0
a,0
Passage,0
to,0
Gravesend,0
",",0
or,0
waited,0
for,0
the,0
Tide,0
",",0
which,0
he,0
saw,0
coming,0
in,0
;,0
and,0
at,0
last,0
was,0
inform,0
'd,0
that,0
at,0
the,0
Gun,0
Tavern,0
there,0
were,0
a,0
couple,0
of,0
Gentlemen,0
who,0
waited,0
for,0
a,0
third,0
",",0
to,0
go,0
to,0
Gravesend,0
",",0
upon,0
which,0
he,0
went,0
to,0
them,0
;,0
but,0
found,0
them,0
Dutch,0
Gentlemen,0
;,0
from,0
thence,0
he,0
went,0
to,0
Queenhithe,0
",",0
enquiries,0
all,0
the,0
Way,0
",",0
without,0
acquainting,0
any,0
Person,0
of,0
the,0
Occasion,0
of,0
his,0
Errand,0
",",0
and,0
thence,0
to,0
Black,0
Fryers,0
where,0
he,0
was,0
informed,0
a,0
single,0
Gentleman,0
had,0
just,0
crossed,0
the,0
Water,0
with,0
a,0
Sculler,0
",",0
upon,0
which,0
he,0
took,0
Boat,0
",",0
and,0
enquir,0
'd,0
at,0
the,0
Watch,0
houses,0
on,0
t'other,0
sides,0
and,0
became,0
informed,0
that,0
the,0
Person,0
who,0
cross,0
'd,0
was,0
a,0
Neighbour,0
very,0
much,0
in,0
Drink,0
",",0
but,0
could,0
learn,0
nothing,0
of,0
Mr.,0
Foster,0
",",0
and,0
then,0
not,0
knowing,0
what,0
to,0
do,0
farther,0
",",0
came,0
home,0
.,0
He,0
also,0
depos,0
'd,0
",",0
That,0
Mr.,0
Foster,0
's,0
Room,0
was,0
very,0
strong,0
",",0
and,0
more,0
secure,0
than,0
any,0
Room,0
in,0
the,0
Prison,0
;,0
and,0
that,0
he,0
could,0
make,0
no,0
Noise,0
nor,0
Disturbance,0
without,0
waking,0
his,0
Master,0
",",0
who,0
lay,0
upon,0
the,0
same,0
Floor,0
",",0
a,0
Partition,0
being,0
only,0
between,0
them,0
;,0
That,0
the,0
Prison,0
was,0
"full,10",0
or,0
12,0
being,0
confin,0
'd,0
in,0
one,0
Room,0
;,0
and,0
that,0
none,0
of,0
them,0
were,0
in,0
Irons,0
",",0
not,0
so,0
much,0
as,0
Mr.,0
Foster,0
's,0
Man,0
.,0
And,0
believ,0
'd,0
his,0
Master,0
was,0
not,0
at,0
all,0
consenting,0
to,0
Foster,0
's,0
Escape,0
",",0
and,0
thought,0
if,0
it,0
was,0
his,0
Case,0
",",0
and,0
had,0
taken,0
Bribes,0
",",0
he,0
should,0
rather,0
have,0
chosen,0
to,0
have,0
gone,0
along,0
with,0
him,0
",",0
than,0
have,0
staid,0
to,0
bear,0
the,0
heavy,0
Load,0
that,0
such,0
a,0
Crime,0
would,0
certainly,0
have,0
put,0
upon,0
him,0
.,0
That,0
Count,0
Guiscard,0
was,0
also,0
confined,0
in,0
the,0
Prisoner,0
's,0
House,0
by,0
Order,0
",",0
it,0
being,0
thought,0
by,0
the,0
then,0
Ministry,0
to,0
be,0
the,0
safest,0
Place,0
",",0
and,0
Mr.,0
Harvey,0
for,0
High,0
Treason,0
.,0
Then,0
Mr.,0
Ballard,0
was,0
sworn,0
who,0
depos,0
'd,0
he,0
went,0
to,0
lock,0
up,0
Foster,0
",",0
and,0
saw,0
him,0
come,0
out,0
of,0
the,0
Press-yard,0
",",0
appearing,0
Melancholy,0
and,0
complaining,0
he,0
was,0
tir,0
'd,0
of,0
reading,0
;,0
and,0
gave,0
his,0
Master,0
the,0
Keys,0
as,0
he,0
us,0
'd,0
to,0
do,0
after,0
he,0
had,0
put,0
the,0
Guards,0
into,0
the,0
Press,0
yard,0
.,0
That,0
he,0
observ,0
'd,0
his,0
Master,0
to,0
be,0
extraordinary,0
careful,0
of,0
Mr.,0
Foster,0
that,0
he,0
should,0
not,0
escape,0
that,0
his,0
Master,0
had,0
given,0
all,0
his,0
Servants,0
Charge,0
to,0
take,0
no,0
Bribes,0
which,0
the,0
Rebels,0
were,0
very,0
free,0
to,0
offer,0
;,0
and,0
that,0
he,0
himself,0
might,0
have,0
taken,0
5000,0
l,0
in,0
his,0
Time,0
if,0
he,0
would,0
be,0
false,0
to,0
his,0
Trust,0
",",0
That,0
when,0
Foster,0
was,0
gone,0
",",0
he,0
came,0
to,0
him,0
like,0
a,0
Man,0
distracted,0
",",0
knocking,0
his,0
Head,0
against,0
the,0
Wainscot,0
crying,0
out,0
he,0
was,0
ruined,0
undone,0
&,0
c.,0
and,0
he,0
varlly,0
believ,0
'd,0
he,0
was,0
not,0
concern,0
'd,0
in,0
his,0
Escape,0
",",0
That,0
Foster,0
us,0
'd,0
very,0
often,0
to,0
go,0
up,0
Stairs,0
to,0
the,0
necessary,0
House,0
",",0
and,0
he,0
always,0
staid,0
at,0
his,0
Chamber,0
Door,0
till,0
he,0
came,0
down,0
",",0
knowing,0
it,0
to,0
be,0
impossible,0
for,0
any,0
Person,0
to,0
get,0
out,0
above,0
.,0
Being,0
ask,0
'd,0
by,0
the,0
King,0
's,0
Council,0
",",0
if,0
it,0
was,0
usual,0
for,0
the,0
Prisoners,0
to,0
visit,0
the,0
Rebels,0
After,0
they,0
were,0
lock,0
'd,0
up,0
",",0
he,0
replied,0
No,0
And,0
again,0
",",0
If,0
Mr.,0
Anderton,0
and,0
Mr.,0
Foster,0
had,0
taken,0
his,0
Master,0
by,0
the,0
Throat,0
",",0
could,0
he,0
ring,0
his,0
Bell,0
or,0
give,0
any,0
Notice,0
",",0
he,0
replied,0
",",0
he,0
might,0
make,0
his,0
Black,0
hear,0
",",0
who,0
had,0
Arms,0
;,0
and,0
that,0
in,0
this,0
Case,0
they,0
could,0
do,0
not,0
further,0
",",0
the,0
Keys,0
being,0
lock,0
'd,0
up,0
.,0
That,0
his,0
Master,0
might,0
let,0
in,0
the,0
Soldiers,0
upon,0
any,0
Disturbance,0
;,0
or,0
the,0
Soldiers,0
in,0
the,0
Lodge,0
might,0
hear,0
upon,0
firing,0
a,0
Gun,0
and,0
come,0
to,0
their,0
Assistence,0
.,0
That,0
his,0
Master,0
attended,0
all,0
last,0
Winter,0
in,0
the,0
severest,0
Season,0
",",0
and,0
was,0
indesatigable,0
in,0
his,0
Diligence,0
and,0
Care,0
in,0
securing,0
the,0
Prisoners,0
.,0
Then,0
Mr.,0
Revel,0
was,0
sworn,0
",",0
who,0
depos,0
'd,0
he,0
went,0
to,0
look,0
up,0
about,0
11,0
a,0
Clock,0
at,0
Night,0
",",0
and,0
his,0
Master,0
bid,0
him,0
make,0
haste,0
",",0
and,0
when,0
he,0
had,0
done,0
he,0
give,0
him,0
the,0
Key,0
",",0
That,0
Mr.,0
Anderson,0
",",0
Mr.,0
Foster,0
and,0
his,0
Master,0
were,0
above,0
Stairs,0
in,0
Foster,0
's,0
Room,0
",",0
over,0
2,0
Flask,0
of,0
Wine,0
",",0
his,0
Master,0
with,0
his,0
Back,0
to,0
the,0
Door,0
;,0
the,0
other,0
two,0
facing,0
it,0
.,0
That,0
his,0
Master,0
ask,0
'd,0
him,0
if,0
all,0
was,0
safe,0
",",0
and,0
he,0
told,0
him,0
Yes,0
",",0
and,0
bid,0
him,0
Good,0
Night,0
",",0
and,0
then,0
he,0
went,0
out,0
",",0
and,0
the,0
Black,0
that,0
the,0
Door,0
after,0
him,0
.,0
That,0
being,0
sent,0
for,0
after,0
this,0
to,0
his,0
Master,0
",",0
he,0
said,0
",",0
Ah,0
!,0
Revel,0
",",0
I,0
am,0
undone,0
;,0
Pray,0
go,0
to,0
the,0
Watch,0
and,0
enquire,0
",",0
Foster,0
's,0
gone,0
.,0
That,0
his,0
Master,0
was,0
a,0
very,0
careful,0
Man,0
",",0
and,0
never,0
satisfied,0
but,0
when,0
up,0
and,0
down,0
to,0
see,0
that,0
all,0
was,0
safe,0
;,0
and,0
had,0
turn,0
'd,0
away,0
one,0
Mills,0
for,0
being,0
drunk,0
once,0
on,0
his,0
Duty,0
",",0
and,0
never,0
would,0
be,0
persuaded,0
to,0
take,0
him,0
again,0
;,0
and,0
confirm,0
'd,0
what,0
was,0
said,0
of,0
his,0
.,0
Diligence,0
in,0
the,0
frosty,0
Weather,0
.,0
Then,0
Callihand,0
was,0
sworn,0
",",0
Mr.,0
Ritt,0
's,0
Black,0
",",0
(,0
having,0
been,0
christned,0
),0
and,0
he,0
depos,0
'd,0
",",0
That,0
on,0
the,0
Night,0
aforesaid,0
",",0
he,0
went,0
to,0
the,0
Press,0
yard,0
to,0
Mr.,0
Revel,0
",",0
and,0
there,0
he,0
saw,0
Mr.,0
Anderton,0
",",0
and,0
told,0
them,0
",",0
his,0
Master,0
wanted,0
to,0
go,0
to,0
Bed,0
;,0
then,0
he,0
light,0
up,0
Mr.,0
Anderton,0
",",0
and,0
Mr.,0
Foster,0
open,0
'd,0
his,0
Door,0
",",0
and,0
ask,0
'd,0
Mr.,0
Anderton,0
to,0
drink,0
a,0
Glass,0
of,0
Wine,0
with,0
him,0
",",0
who,0
refus,0
'd,0
it,0
then,0
;,0
but,0
afterwards,0
he,0
saw,0
them,0
and,0
his,0
Master,0
together,0
.,0
When,0
the,0
Guards,0
were,0
shut,0
in,0
",",0
and,0
Mr.,0
Revel,0
gone,0
",",0
he,0
made,0
all,0
fast,0
after,0
him,0
",",0
and,0
carried,0
the,0
Keys,0
to,0
his,0
Mistress,0
",",0
and,0
she,0
bid,0
him,0
carry,0
them,0
to,0
his,0
Master,0
;,0
and,0
coming,0
down,0
Stairs,0
met,0
Foster,0
's,0
Man,0
",",0
who,0
told,0
him,0
he,0
was,0
a,0
dry,0
",",0
upon,0
which,0
he,0
bid,0
him,0
go,0
with,0
him,0
into,0
the,0
Cellar,0
and,0
he,0
would,0
draw,0
him,0
some,0
Beer,0
",",0
but,0
the,0
other,0
refus,0
'd,0
it,0
and,0
stood,0
on,0
the,0
Stairs,0
;,0
and,0
while,0
he,0
was,0
in,0
the,0
Kitchin,0
looking,0
for,0
a,0
Pot,0
",",0
his,0
Master,0
call,0
'd,0
him,0
",",0
but,0
he,0
could,0
not,0
get,0
out,0
;,0
at,0
last,0
",",0
his,0
Master,0
saw,0
a,0
Peg,0
stock,0
in,0
",",0
which,0
he,0
pull,0
'd,0
out,0
",",0
and,0
the,0
Door,0
open,0
'd,0
which,0
made,0
him,0
cry,0
out,0
",",0
I,0
am,0
undone,0
",",0
Foster,0
's,0
gone,0
;,0
and,0
then,0
he,0
bid,0
him,0
fetch,0
the,0
Key,0
",",0
and,0
going,0
to,0
the,0
Door,0
found,0
one,0
in,0
",",0
it,0
on,0
the,0
outside,0
",",0
and,0
the,0
Door,0
double,0
lock,0
'd,0
.,0
Then,0
he,0
got,0
out,0
at,0
Window,0
",",0
and,0
found,0
Foster,0
's,0
Night-Gown,0
lying,0
upon,0
the,0
Steps,0
",",0
which,0
he,0
threw,0
into,0
the,0
Parlour,0
and,0
took,0
out,0
the,0
false,0
Key,0
.,0
After,0
which,0
he,0
went,0
to,0
the,0
Lodge,0
and,0
call,0
'd,0
Mr.,0
Rewse,0
.,0
A,0
Piece,0
of,0
List,0
was,0
found,0
under,0
the,0
Latch,0
.,0
That,0
all,0
this,0
was,0
done,0
and,0
the,0
Chain,0
taken,0
off,0
without,0
the,0
least,0
Noise,0
",",0
as,0
he,0
believ,0
'd,0
might,0
be,0
.,0
That,0
the,0
Keys,0
were,0
always,0
left,0
in,0
his,0
Master,0
's,0
Chamber,0
.,0
That,0
when,0
his,0
Master,0
saw,0
Foster,0
's,0
Gown,0
in,0
the,0
Parlour,0
he,0
fell,0
into,0
a,0
very,0
great,0
Passion,0
with,0
the,0
Maid,0
.,0
And,0
he,0
believ,0
'd,0
him,0
to,0
be,0
innocent,0
.,0
Then,0
Mr.,0
Buckley,0
was,0
sworn,0
",",0
who,0
depos,0
'd,0
",",0
the,0
Prisoner,0
came,0
to,0
him,0
and,0
said,0
he,0
was,0
ruin'd-Foster,0
was,0
gone,0
",",0
That,0
he,0
had,0
taken,0
care,0
to,0
have,0
all,0
Things,0
fast,0
and,0
close,0
just,0
before,0
",",0
and,0
had,0
put,0
his,0
Keys,0
into,0
his,0
own,0
Bed-Chamber,0
",",0
divided,0
from,0
Mr.,0
Foster,0
's,0
but,0
by,0
a,0
thin,0
Partition,0
.,0
That,0
Foster,0
complain,0
'd,0
he,0
was,0
tir,0
'd,0
of,0
reading,0
and,0
was,0
desirous,0
to,0
refresh,0
himself,0
with,0
a,0
Glass,0
of,0
Wine,0
;,0
and,0
Mr.,0
Anderton,0
came,0
up,0
to,0
him,0
",",0
And,0
while,0
they,0
were,0
drinking,0
Mr.,0
Foster,0
pretended,0
to,0
go,0
to,0
the,0
Necessary-house,0
;,0
but,0
staying,0
Some,0
time,0
he,0
suspected,0
him,0
",",0
and,0
look,0
'd,0
for,0
him,0
;,0
but,0
not,0
finding,0
him,0
;,0
there,0
",",0
he,0
went,0
to,0
the,0
main,0
Door,0
",",0
and,0
found,0
a,0
List,0
under,0
the,0
Latch,0
;,0
and,0
then,0
he,0
shew,0
'd,0
him,0
the,0
true,0
Key,0
and,0
a,0
false,0
one,0
",",0
and,0
had,0
him,0
observe,0
the,0
true,0
Key,0
was,0
daub,0
'd,0
a,0
little,0
with,0
Clay,0
",",0
and,0
said,0
be,0
suspected,0
some,0
body,0
hod,0
taken,0
a,0
Print,0
off,0
it,0
to,0
make,0
another,0
by,0
.,0
Then,0
he,0
told,0
him,0
the,0
Guards,0
were,0
always,0
put,0
into,0
the,0
Press-Yard,0
before,0
that,0
Time,0
of,0
Night,0
.,0
That,0
he,0
ask,0
'd,0
him,0
",",0
if,0
he,0
had,0
sent,0
to,0
stop,0
the,0
Post,0
",",0
it,0
being,0
discover,0
'd,0
about,0
12,0
a,0
Clock,0
;,0
who,0
answer,0
'd,0
No,0
;,0
but,0
shew,0
'd,0
an,0
Advertisement,0
",",0
which,0
he,0
would,0
have,0
put,0
into,0
the,0
News,0
;,0
but,0
he,0
told,0
him,0
the,0
News,0
would,0
not,0
come,0
out,0
till,0
next,0
Morning,0
;,0
and,0
advis,0
'd,0
him,0
to,0
go,0
back,0
to,0
his,0
Prison,0
to,0
prevent,0
the,0
like,0
Misfortune,0
from,0
any,0
other,0
.,0
Then,0
he,0
ask,0
'd,0
what,0
he,0
should,0
do,0
",",0
for,0
he,0
was,0
afraid,0
he,0
should,0
be,0
examin,0
'd,0
upon,0
Oath,0
;,0
which,0
he,0
believ,0
'd,0
he,0
might,0
refuse,0
because,0
he,0
should,0
be,0
put,0
to,0
answer,0
Questions,0
that,0
might,0
be,0
of,0
ill,0
Consequence,0
to,0
him,0
;,0
but,0
not,0
from,0
any,0
Sense,0
of,0
Guilt,0
or,0
Disrespect,0
to,0
any,0
Person,0
whatsoever,0
.,0
That,0
after,0
this,0
",",0
he,0
and,0
Mr.,0
Stanian,0
were,0
order,0
'd,0
to,0
Newgate,0
",",0
to,0
inspect,0
Foster,0
's,0
Lodging,0
",",0
and,0
the,0
Prisoner,0
's,0
Chamber,0
",",0
and,0
he,0
(,0
Mr.,0
Buckley,0
),0
seeing,0
a,0
Close-stool,0
there,0
",",0
ask,0
'd,0
Mr.,0
Rewse,0
if,0
that,0
was,0
always,0
in,0
the,0
Room,0
",",0
who,0
made,0
this,0
Answer,0
",",0
That,0
where,0
there,0
was,0
a,0
Close-Prisoner,0
there,0
was,0
always,0
a,0
Close-stool,0
.,0
That,0
after,0
this,0
he,0
was,0
applied,0
to,0
for,0
Relief,0
for,0
some,0
of,0
the,0
Rebels,0
who,0
were,0
in,0
Irons,0
",",0
and,0
was,0
told,0
that,0
Brigadier,0
Mackintosh,0
's,0
Leg,0
was,0
wore,0
to,0
the,0
Bone,0
;,0
but,0
finding,0
that,0
to,0
be,0
false,0
",",0
the,0
sorbore,0
troubling,0
my,0
Lord,0
Townshend,0
about,0
it,0
.,0
Mr.,0
Stanian,0
depos,0
'd,0
(,0
being,0
sworn,0
),0
That,0
my,0
Lord,0
Towshand,0
sent,0
for,0
him,0
",",0
and,0
told,0
him,0
",",0
Foster,0
had,0
made,0
",",0
his,0
Escape,0
",",0
and,0
bid,0
him,0
go,0
immediately,0
to,0
Newgate,0
",",0
and,0
see,0
after,0
what,0
Manner,0
it,0
was,0
done,0
;,0
which,0
he,0
did,0
accordingly,0
;,0
and,0
Mr.,0
Pitts,0
inform,0
'd,0
him,0
",",0
that,0
He,0
",",0
Mr.,0
Foster,0
",",0
and,0
Mr.,0
Anderton,0
were,0
sitting,0
in,0
Mr.,0
Foster,0
's,0
Room,0
over,0
a,0
Flask,0
of,0
Wine,0
",",0
and,0
when,0
it,0
was,0
something,0
above,0
half,0
gone,0
",",0
Mr.,0
Foster,0
went,0
up,0
(,0
as,0
be,0
thought,0
),0
to,0
the,0
necessary,0
House,0
",",0
and,0
his,0
Heart,0
misgave,0
him,0
and,0
therefore,0
he,0
went,0
up,0
after,0
him,0
",",0
but,0
to,0
his,0
great,0
Surprize,0
found,0
he,0
was,0
not,0
there,0
;,0
and,0
going,0
down,0
found,0
the,0
Fall,0
of,0
the,0
Latch,0
;,0
deaden,0
'd,0
by,0
a,0
Plece,0
of,0
List,0
",",0
and,0
a,0
Peg,0
in,0
the,0
Kitchin,0
Door,0
by,0
which,0
his,0
Servant,0
was,0
confin,0
'd,0
who,0
being,0
afterwards,0
releas,0
'd,0
and,0
getting,0
out,0
of,0
a,0
Window,0
",",0
found,0
his,0
Night-Gown,0
left,0
upon,0
the,0
Steps,0
.,0
Then,0
he,0
shew,0
'd,0
him,0
the,0
Key,0
",",0
with,0
the,0
Mark,0
of,0
the,0
Clay,0
;,0
upon,0
which,0
he,0
ask,0
'd,0
him,0
how,0
any,0
Body,0
should,0
come,0
by,0
that,0
Key,0
",",0
he,0
having,0
it,0
always,0
in,0
his,0
Possession,0
;,0
to,0
this,0
he,0
answered,0
the,0
Key,0
was,0
always,0
in,0
the,0
Door,0
in,0
the,0
Day-time,0
.,0
Then,0
he,0
the,0
said,0
Prisoner,0
was,0
sot,0
referring,0
him,0
to,0
Mr.,0
Anderton,0
",",0
who,0
",",0
he,0
said,0
",",0
told,0
him,0
afterwards,0
",",0
Mr.,0
Foster,0
went,0
down,0
Stair,0
pretending,0
to,0
wash,0
a,0
Glass,0
",",0
in,0
order,0
to,0
fill,0
out,0
some,0
Brandy,0
.,0
Mr.,0
Anderton,0
also,0
told,0
him,0
",",0
they,0
were,0
both,0
surprized,0
at,0
Mr.,0
Foster,0
's,0
Escape,0
",",0
and,0
profess,0
'd,0
he,0
knew,0
nothing,0
of,0
the,0
Matter,0
",",0
he,0
having,0
said,0
when,0
he,0
went,0
down,0
",",0
it,0
was,0
to,0
wash,0
a,0
Glass,0
;,0
and,0
then,0
he,0
confirmed,0
what,0
Mr.,0
Buckley,0
had,0
said,0
before,0
concerning,0
the,0
Close,0
stool,0
.,0
Then,0
it,0
was,0
proved,0
Mr.,0
Foster,0
had,0
received,0
a,0
Copy,0
of,0
his,0
Indictment,0
",",0
of,0
his,0
Pannel,0
",",0
&,0
c,0
.,0
as,0
the,0
Law,0
directs,0
.,0
And,0
an,0
Act,0
for,0
Attainting,0
Thomas,B-pers
Foster,I-pers
",",0
Esq,0
and,0
Brigadier,0
Mackintosh,0
",",0
was,0
read,0
.,0
Then,0
the,0
Council,0
for,0
the,0
Prisoner,0
made,0
their,0
Defence,0
",",0
and,0
said,0
",",0
Nothing,0
had,0
been,0
produced,0
to,0
support,0
the,0
Indictment,0
",",0
which,0
was,0
founded,0
upon,0
an,0
obsolete,0
Statute,0
made,0
in,0
Edward,0
the,0
Second,0
's,0
Reign,0
",",0
upon,0
which,0
no,0
Prosecution,0
had,0
been,0
before,0
commenced,0
.,0
That,0
therefore,0
this,0
being,0
the,0
first,0
that,0
has,0
appeared,0
and,0
so,0
weakly,0
supported,0
",",0
having,0
nothing,0
but,0
Presumptive,0
Evidence,0
",",0
which,0
(,0
as,0
they,0
said,0
),0
should,0
always,0
be,0
of,0
use,0
to,0
the,0
Prisoner,0
",",0
especially,0
where,0
Life,0
was,0
concerned,0
",",0
and,0
especially,0
where,0
there,0
was,0
so,0
many,0
Proofs,0
of,0
the,0
Prisoner,0
's,0
Vigilance,0
and,0
Care,0
as,0
had,0
appeared,0
",",0
and,0
should,0
be,0
made,0
appear,0
in,0
the,0
Case,0
of,0
the,0
Prisoner,0
before,0
them,0
",",0
they,0
humbly,0
hoped,0
that,0
the,0
Jury,0
would,0
think,0
themselves,0
obliged,0
to,0
acquit,0
him,0
",",0
they,0
being,0
upon,0
Oath,0
to,0
judge,0
of,0
the,0
Fact,0
by,0
their,0
Evidence,0
.,0
Then,0
they,0
called,0
Prudence,B-pers
Symmonds,I-pers
",",0
who,0
(,0
being,0
sworn,0
),0
depos,0
'd,0
she,0
was,0
the,0
Prisoner,0
's,0
Maid-Servant,0
",",0
and,0
her,0
Mistress,0
being,0
just,0
gone,0
to,0
Bed,0
",",0
and,0
the,0
Keys,0
brought,0
in,0
",",0
her,0
Master,0
came,0
down,0
in,0
a,0
terrible,0
Surprize,0
",",0
and,0
said,0
he,0
was,0
undone,0
",",0
Mr.,0
Foster,0
was,0
gone,0
and,0
he,0
was,0
very,0
angry,0
with,0
her,0
",",0
and,0
swore,0
he,0
would,0
secure,0
her,0
",",0
believing,0
she,0
was,0
concerned,0
in,0
his,0
Escape,0
because,0
he,0
saw,0
Foster,0
's,0
Night-Gown,0
in,0
the,0
Parlour,0
;,0
but,0
when,0
his,0
Black,0
told,0
him,0
he,0
threw,0
the,0
Gown,0
in,0
at,0
the,0
Window,0
",",0
he,0
was,0
satisfied,0
with,0
her,0
.,0
She,0
also,0
told,0
the,0
Court,0
",",0
her,0
Master,0
lay,0
in,0
the,0
Room,0
even,0
with,0
Mr.,0
Foster,0
's,0
",",0
their,0
Beds,0
lying,0
Head,0
to,0
Head,0
;,0
but,0
before,0
he,0
us,0
'd,0
to,0
lie,0
with,0
his,0
Wife,0
in,0
another,0
Room,0
.,0
She,0
confirmed,0
the,0
Circumstance,0
of,0
Mr.,0
Foster,0
's,0
going,0
often,0
to,0
the,0
necessary,0
House,0
above,0
Stairs,0
.,0
Next,0
Margaret,B-pers
Hawkins,I-pers
was,0
called,0
",",0
who,0
depos,0
'd,0
",",0
her,0
Master,0
Mr.,0
Pitts,0
was,0
a,0
very,0
careful,0
",",0
diligent,0
Man,0
;,0
and,0
confirmed,0
the,0
Evidence,0
of,0
the,0
Black,0
",",0
and,0
the,0
Woman,0
her,0
Fellow-Servant,0
.,0
Then,0
Mr.,0
Smith,0
(,0
Clerk,0
of,0
Newgate,0
),0
was,0
sworn,0
",",0
who,0
gave,0
an,0
Account,0
of,0
some,0
Circumstances,0
",",0
which,0
made,0
the,0
Prisoners,0
Diligence,0
and,0
Care,0
appear,0
very,0
conspicuous,0
",",0
especially,0
his,0
attending,0
in,0
the,0
hard,0
Weather,0
",",0
almost,0
to,0
a,0
Miracle,0
",",0
and,0
beyond,0
his,0
own,0
Capacity,0
",",0
always,0
examining,0
who,0
came,0
in,0
and,0
who,0
went,0
out,0
.,0
That,0
when,0
Mr.,0
Mills,0
was,0
turn,0
'd,0
out,0
",",0
tho,0
',0
he,0
had,0
been,0
a,0
Servant,0
near,0
40,0
Years,0
in,0
the,0
said,0
Prison,0
",",0
he,0
could,0
never,0
persuade,0
the,0
Prisoner,0
to,0
receive,0
him,0
again,0
into,0
his,0
Service,0
",",0
so,0
loathsome,0
did,0
he,0
appear,0
to,0
him,0
for,0
being,0
but,0
once,0
drunk,0
upon,0
his,0
Duty,0
.,0
He,0
also,0
depos,0
'd,0
",",0
that,0
Brigadier,0
Mackintosh,0
was,0
iron,0
'd,0
when,0
he,0
made,0
his,0
Escape,0
",",0
which,0
was,0
of,0
no,0
Service,0
",",0
the,0
all,0
bagest,0
Fetters,0
they,0
have,0
not,0
holding,0
out,0
against,0
some,0
Instruments,0
above,0
an,0
Hour,0
and,0
a,0
half,0
.,0
(,0
These,0
Instruments,0
were,0
produc,0
'd,0
in,0
Court,0
and,0
shew,0
'd,0
to,0
the,0
Jury,0
for,0
their,0
Satisfaction,0
And,0
that,0
it,0
was,0
imposible,0
to,0
prevent,0
their,0
being,0
brought,0
",",0
to,0
the,0
Prisoners,0
in,0
Peoples,0
Pockets,0
or,0
other,0
Conveniencies,0
which,0
it,0
would,0
be,0
too,0
tedious,0
to,0
examine,0
.,0
Then,0
Mr.,0
Fells,0
(,0
the,0
former,0
Keeper,0
),0
was,0
sworn,0
who,0
depos,0
'd,0
",",0
There,0
were,0
several,0
Persons,0
in,0
his,0
Time,0
committed,0
for,0
High,0
Treason,0
and,0
confin,0
'd,0
in,0
the,0
House,0
and,0
in,0
the,0
same,0
Room,0
as,0
Foster,0
was,0
",",0
as,0
my,0
Lord,0
Glencarty,0
",",0
Sir,0
John,B-pers
Friend,I-pers
",",0
Sir,0
William,B-pers
Perkins,I-pers
",",0
and,0
others,0
.,0
And,0
that,0
it,0
was,0
as,0
strong,0
and,0
more,0
convenient,0
than,0
any,0
other,0
in,0
the,0
Gbull,0
And,0
his,0
Evidence,0
was,0
confirm,0
'd,0
by,0
two,0
others,0
.,0
Then,0
Mr.,0
Mills,0
was,0
sworn,0
and,0
he,0
depos,0
'd,0
",",0
that,0
he,0
had,0
been,0
forty,0
Years,0
a,0
Servant,0
in,0
the,0
said,0
Prison,0
",",0
and,0
belonged,0
to,0
it,0
in,0
Major,0
Richardson,0
's,0
Time,0
",",0
when,0
my,0
Lord,0
Russel,0
and,0
Count,0
Coning,0
smark,0
were,0
confin,0
'd,0
there,0
in,0
the,0
same,0
Room,0
",",0
till,0
the,0
Time,0
of,0
their,0
Death,0
.,0
Then,0
several,0
Honourable,0
and,0
Worthy,0
Persons,0
appeared,0
to,0
the,0
Prisoner,0
's,0
Reputation,0
;,0
as,0
Sir,0
William,B-pers
Stewart,I-pers
",",0
Sir,0
Richard,B-pers
Houte,I-pers
",",0
Sir,0
Samuel,B-pers
Garrard,I-pers
Sir,0
William,B-pers
Humphreys,I-pers
.,0
Sir,0
Samuel,B-pers
Stanier,I-pers
",",0
Sir,0
William,B-pers
Stewart,I-pers
",",0
Sir,0
Randolph,B-pers
Knipe,I-pers
",",0
Sir,0
Francis,B-pers
Ferves,I-pers
and,0
others,0
",",0
who,0
all,0
gave,0
him,0
the,0
Character,0
of,0
a,0
very,0
careful,0
",",0
fair,0
",",0
honest,0
Man,0
.,0
The,0
Prisoner,0
's,0
Black,0
stood,0
up,0
again,0
",",0
and,0
swore,0
his,0
Master,0
sent,0
him,0
immediately,0
to,0
the,0
Turnpike,0
at,0
Highgate,0
",",0
to,0
examine,0
all,0
Passengers,0
.,0
Then,0
the,0
Prisoner,0
said,0
he,0
was,0
perfectly,0
innocent,0
of,0
the,0
Charge,0
in,0
the,0
Indictment,0
.,0
That,0
he,0
had,0
not,0
the,0
least,0
previous,0
Apprehension,0
of,0
the,0
Prisoner,0
's,0
Escape,0
.,0
That,0
his,0
Circumstances,0
before,0
this,0
unfortunate,0
Accident,0
",",0
were,0
of,0
themselves,0
sufficient,0
to,0
place,0
him,0
above,0
the,0
reach,0
of,0
Bribes,0
.,0
That,0
he,0
had,0
if,0
in,0
his,0
Power,0
to,0
let,0
them,0
all,0
escape,0
",",0
and,0
to,0
go,0
along,0
with,0
them,0
.,0
That,0
it,0
was,0
even,0
his,0
extraordinary,0
Care,0
that,0
brought,0
this,0
Misfortune,0
upon,0
him,0
.,0
And,0
that,0
since,0
he,0
had,0
but,0
follow,0
'd,0
the,0
Practice,0
of,0
former,0
Goalers,0
",",0
it,0
would,0
be,0
hard,0
if,0
he,0
should,0
fall,0
the,0
first,0
Victim,0
to,0
the,0
Consequences,0
of,0
a,0
meer,0
Accident,0
",",0
the,0
rather,0
because,0
he,0
had,0
been,0
often,0
rewarded,0
by,0
the,0
Government,0
for,0
his,0
Care,0
and,0
Prudence,0
in,0
so,0
doing,0
.,0
Then,0
the,0
King,0
's,0
Council,0
replied,0
;,0
and,0
was,0
indicted,0
that,0
Part,0
of,0
the,0
Council,0
's,0
Plea,0
on,0
the,0
other,0
side,0
",",0
which,0
said,0
the,0
Indictment,0
on,0
the,0
Statute,0
of,0
Edward,0
II,0
.,0
and,0
put,0
it,0
on,0
the,0
Foot,0
of,0
the,0
25th,0
of,0
Edward,0
III,0
and,0
said,0
the,0
Jury,0
were,0
to,0
be,0
Judges,0
of,0
Fact,0
",",0
and,0
Presumption,0
when,0
strong,0
",",0
and,0
when,0
the,0
Nature,0
of,0
the,0
Case,0
will,0
admit,0
of,0
no,0
other,0
Evidence,0
",",0
is,0
good,0
in,0
Civil,0
Law,0
",",0
Common,0
Law,0
",",0
and,0
all,0
the,0
Law,0
in,0
the,0
World,0
.,0
That,0
Justice,0
was,0
to,0
take,0
Place,0
in,0
a,0
Court,0
of,0
Judicature,0
",",0
Mercy,0
belong,0
'd,0
to,0
the,0
Throne,0
.,0
That,0
it,0
was,0
plain,0
not,0
with,0
standing,0
what,0
had,0
been,0
said,0
by,0
the,0
Council,0
on,0
the,0
other,0
side,0
",",0
that,0
the,0
Prisoner,0
had,0
at,0
least,0
been,0
very,0
negligent,0
in,0
his,0
Duty,0
in,0
permitting,0
the,0
Chief,0
Man,0
of,0
the,0
Rebellion,0
to,0
escape,0
",",0
whose,0
Imprisonment,0
",",0
they,0
had,0
reason,0
to,0
believe,0
",",0
might,0
have,0
done,0
the,0
Crown,0
more,0
Service,0
than,0
all,0
the,0
others,0
together,0
;,0
especially,0
at,0
a,0
Time,0
when,0
he,0
had,0
receiv,0
'd,0
Notice,0
to,0
prepare,0
for,0
his,0
Trial,0
.,0
That,0
it,0
was,0
strange,0
that,0
at,0
such,0
a,0
Time,0
there,0
was,0
not,0
a,0
particular,0
Care,0
to,0
confine,0
him,0
to,0
his,0
Room,0
;,0
that,0
his,0
very,0
Servant,0
",",0
without,0
whole,0
assistence,0
he,0
would,0
not,0
probably,0
have,0
made,0
his,0
Escape,0
",",0
and,0
whose,0
",",0
Quality,0
could,0
be,0
no,0
Excuse,0
",",0
should,0
not,0
be,0
iron,0
'd,0
.,0
That,0
he,0
should,0
go,0
to,0
drinking,0
with,0
the,0
said,0
Mr.,0
Foster,0
",",0
particularly,0
at,0
so,0
unseasonable,0
a,0
Juncture,0
",",0
when,0
the,0
Guards,0
were,0
all,0
turn,0
'd,0
into,0
the,0
Press-yard,0
",",0
no,0
body,0
but,0
himself,0
and,0
Black,0
in,0
a,0
Condition,0
to,0
resist,0
the,0
very,0
probable,0
Attempts,0
of,0
three,0
or,0
four,0
Prisoners,0
for,0
High,0
Treason,0
",",0
especially,0
when,0
the,0
Keys,0
of,0
the,0
Doors,0
",",0
and,0
of,0
the,0
whole,0
Goal,0
;,0
were,0
but,0
in,0
the,0
next,0
Room,0
",",0
and,0
Prisoners,0
of,0
such,0
Consequence,0
",",0
that,0
no,0
Quality,0
or,0
Consideration,0
could,0
excuse,0
his,0
Putting,0
himself,0
into,0
their,0
Power,0
.,0
That,0
he,0
should,0
suffer,0
the,0
said,0
Mr.,0
Foster,0
",",0
knowing,0
his,0
Servant,0
to,0
be,0
perfectly,0
free,0
from,0
Irons,0
",",0
to,0
go,0
at,0
such,0
a,0
Time,0
out,0
of,0
the,0
Room,0
",",0
at,0
his,0
own,0
Discretion,0
",",0
without,0
the,0
least,0
Observation,0
or,0
Regard,0
.,0
That,0
such,0
pretended,0
Contrivances,0
as,0
a,0
false,0
Key,0
",",0
List,0
under,0
the,0
Latch,0
",",0
a,0
Peg-hole,0
to,0
the,0
Kitchin,0
Door,0
",",0
and,0
other,0
Conveniences,0
",",0
should,0
be,0
all,0
ready,0
at,0
a,0
Minute,0
's,0
Warning,0
.,0
That,0
the,0
Prisoner,0
's,0
Servants,0
should,0
be,0
up,0
in,0
the,0
House,0
",",0
and,0
with,0
himself,0
all,0
amus,0
'd,0
",",0
and,0
out,0
of,0
the,0
Way,0
just,0
at,0
that,0
Juncture,0
.,0
That,0
all,0
this,0
Liberty,0
should,0
be,0
taken,0
without,0
Leave,0
of,0
the,0
Secretary,0
of,0
State,0
",",0
having,0
no,0
Authority,0
but,0
Custom,0
",",0
having,0
no,0
Countenance,0
in,0
it,0
but,0
from,0
the,0
Goverment,0
's,0
Satisfaction,0
in,0
his,0
Care,0
and,0
Integrity,0
which,0
he,0
was,0
to,0
abuse,0
at,0
his,0
Peril,0
;,0
and,0
of,0
which,0
he,0
appear,0
'd,0
to,0
be,0
very,0
sensible,0
:,0
and,0
that,0
all,0
this,0
should,0
be,0
done,0
without,0
his,0
being,0
in,0
the,0
least,0
acquainted,0
with,0
",",0
or,0
let,0
into,0
the,0
Secret,0
of,0
it,0
;,0
especially,0
a,0
Man,0
of,0
his,0
Care,0
",",0
his,0
Vigilance,0
",",0
and,0
his,0
Integrity,0
and,0
Diligence,0
",",0
was,0
wondrous,0
strange,0
!,0
That,0
it,0
was,0
not,0
to,0
be,0
expected,0
such,0
a,0
Case,0
would,0
admit,0
of,0
positive,0
Evidence,0
",",0
there,0
being,0
none,0
produc,0
'd,0
but,0
those,0
who,0
were,0
the,0
Prisoner,0
's,0
Servants,0
",",0
and,0
whose,0
Places,0
depended,0
upon,0
him,0
;,0
the,0
most,0
considerable,0
of,0
which,0
were,0
dismiss,0
'd,0
for,0
that,0
Night,0
",",0
before,0
the,0
Treason,0
was,0
committed,0
",",0
as,0
Persons,0
unqualified,0
by,0
their,0
Integrity,0
for,0
such,0
a,0
Secret,0
;,0
but,0
it,0
was,0
to,0
be,0
hoped,0
there,0
was,0
sufficient,0
Ground,0
for,0
the,0
Indictment,0
in,0
a,0
Case,0
of,0
this,0
close,0
Nature,0
.,0
when,0
a,0
Servant,0
confess,0
'd,0
he,0
might,0
in,0
that,0
small,0
Time,0
he,0
was,0
employ,0
'd,0
in,0
an,0
inferior,0
Trust,0
have,0
had,0
5000,0
l.,0
for,0
such,0
Services,0
.,0
When,0
it,0
appeared,0
plain,0
the,0
Prisoner,0
did,0
not,0
use,0
upon,0
other,0
Occasions,0
to,0
visit,0
his,0
Prisoners,0
after,0
they,0
were,0
lock,0
'd,0
up,0
;,0
when,0
there,0
was,0
such,0
a,0
remarkable,0
Neglect,0
in,0
not,0
going,0
to,0
the,0
Post,0
Office,0
to,0
stop,0
the,0
Post,0
",",0
the,0
most,0
likely,0
Method,0
of,0
recovering,0
the,0
Prisoner,0
",",0
till,0
next,0
Day,0
at,0
Noon,0
;,0
and,0
when,0
it,0
appeared,0
he,0
was,0
so,0
loath,0
to,0
be,0
examined,0
upon,0
Oath,0
.,0
These,0
Considerations,0
they,0
left,0
to,0
the,0
Jury,0
",",0
and,0
when,0
my,0
Lord,0
Chief,0
Baron,0
Bury,0
had,0
summ,0
'd,0
up,0
the,0
Evidence,0
",",0
which,0
he,0
did,0
very,0
fully,0
",",0
they,0
went,0
out,0
",",0
and,0
being,0
return,0
'd,0
Acquitted,0
the,0
Prisoner,0
.,0
Friday,0
",",0
July,0
"13,1716",0
.,0
THis,0
Day,0
was,0
intended,0
for,0
the,0
Trial,0
of,0
Mr.,B-pers
Francis,I-pers
",",0
the,0
Jew,0
",",0
for,0
High,0
Treason,0
",",0
which,0
gave,0
him,0
the,0
Liberty,0
of,0
peremptory,0
Challenges,0
;,0
by,0
which,0
Means,0
having,0
challeng,0
'd,0
31,0
",",0
and,0
several,0
Persons,0
who,0
were,0
upon,0
the,0
Pannel,0
not,0
appearing,0
",",0
there,0
were,0
but,0
10,0
Persons,0
swore,0
",",0
whose,0
Names,0
follow,0
;,0
which,0
occasion,0
'd,0
the,0
Putting,0
off,0
his,0
Trial,0
till,0
another,0
Opportunity,0
.,0
Sir,0
Daniel,B-pers
Wray,I-pers
",",0
Knt,0
.,0
Richard,B-pers
Smith,I-pers
Henry,B-pers
Hankey,I-pers
John,B-pers
Farr,I-pers
John,B-pers
Mayo,I-pers
Robert,B-pers
Gill,I-pers
Joseph,B-pers
Windmill,I-pers
William,B-pers
Astill,I-pers
John,B-pers
Jones,I-pers
William,B-pers
Kent,I-pers
.,0
But,0
Nathanael,B-pers
Spindler,I-pers
and,0
Thomas,B-pers
Ward,I-pers
were,0
added,0
for,0
the,0
Trial,0
of,0
The,0
Trials,0
being,0
over,0
",",0
the,0
Court,0
proceeded,0
to,0
Judgement,0
as,0
follows,0
.,0
Alexander,B-pers
Gordon,I-pers
",",0
to,0
be,0
burnt,0
in,0
the,0
Hand,0
.,0
Charles,B-pers
Hornby,I-pers
",",0
to,0
be,0
Whipp,0
'd,0
and,0
6,0
Months,0
Imprisonment,0
.,0
Isaac,B-pers
Dalton,I-pers
",",0
fin,0
'd,0
50,0
"Marks,1",0
Year,0
's,0
Imprisonment,0
",",0
and,0
to,0
find,0
Sureties,0
for,0
his,0
Good,0
Behaviour,0
for,0
3.,0
George,B-pers
Flint,I-pers
",",0
fin,0
'd,0
20,0
"Marks,1",0
Year,0
's,0
Imprisonment,0
",",0
and,0
to,0
find,0
Sureties,0
for,0
3.,0
Harry,B-pers
Cheap,I-pers
",",0
find,0
40,0
"Marks,1",0
Year,0
's,0
Imprisonment,0
",",0
and,0
to,0
find,0
Sureties,0
for,0
3.,0
Christopher,B-pers
Smith,I-pers
",",0
fin,0
'd,0
50,0
"Marks,2",0
Years,0
Imprisonment,0
",",0
and,0
to,0
find,0
Sureties,0
for,0
3.,0
James,B-pers
Daver,I-pers
",",0
fin,0
'd,0
20,0
"Marks,6",0
Months,0
Imprisonment,0
",",0
and,0
to,0
find,0
Sureties,0
for,0
12.,0
Mary,B-pers
Dalton,I-pers
",",0
fin,0
'd,0
30,0
"Marks,1",0
Year,0
's,0
Imprisonment,0
",",0
and,0
to,0
find,0
Sureties,0
for,0
another,0
.,0
William,B-pers
Dale,I-pers
",",0
to,0
stand,0
in,0
the,0
Pillory,0
",",0
fin,0
'd,0
50,0
"Marks,1",0
Year,0
's,0
Imprisonment,0
",",0
and,0
to,0
find,0
Sureties,0
for,0
3,0
.,0
N.B,0
.,0
Skelson,0
and,0
Jacobs,0
are,0
to,0
stand,0
in,0
the,0
Pillory,0
at,0
Salisbury-Court,0
End,0
in,0
Fleet-street,0
;,0
which,0
Part,0
of,0
their,0
Sentence,0
was,0
accidentally,0
omitted,0
in,0
the,0
last,0
Sessions,0
Paper,0
.,0
ADVERTISEMENTS,0
.,0
DAVID,0
POVEY,0
",",0
removed,0
from,0
Hasson,0
Garden,0
near,0
to,0
Exeter-Exchange,0
in,0
the,0
Strand,0
",",0
London,0
",",0
Operator,0
for,0
the,0
Teeth,0
",",0
who,0
had,0
the,0
Honour,0
to,0
clean,0
her,0
late,0
Majesty,0
's,0
Teeth,0
;,0
he,0
sells,0
a,0
pleasant,0
Dentrifice,0
",",0
being,0
the,0
same,0
that,0
King,0
Charles,0
II,0
constantly,0
used,0
:,0
It,0
makes,0
the,0
Teeth,0
as,0
white,0
as,0
Ivory,0
",",0
and,0
preserves,0
them,0
from,0
decaying,0
",",0
destroying,0
the,0
Scurvy,0
.,0
He,0
hath,0
a,0
Cephalick,0
which,0
certainly,0
cures,0
the,0
Tooth-Ach,0
in,0
a,0
Minute,0
's,0
Time,0
",",0
beyond,0
any,0
Person,0
in,0
England,0
.,0
If,0
the,0
teeth,0
are,0
rotten,0
",",0
or,0
uneven,0
",",0
and,0
full,0
of,0
Holes,0
or,0
black,0
Specks,0
",",0
he,0
will,0
make,0
them,0
smooth,0
;,0
even,0
",",0
sound,0
",",0
and,0
white,0
",",0
so,0
that,0
no,0
Person,0
shall,0
distinguish,0
where,0
the,0
Defect,0
has,0
been,0
.,0
He,0
sets,0
in,0
Artificial,0
Teeth,0
so,0
easie,0
",",0
neat,0
",",0
and,0
firm,0
",",0
that,0
they,0
need,0
not,0
be,0
removed,0
for,0
seven,0
Years,0
;,0
and,0
they,0
may,0
eat,0
with,0
them,0
as,0
well,0
as,0
with,0
their,0
former,0
",",0
and,0
can,0
not,0
be,0
distinguished,0
from,0
their,0
natural,0
ones,0
.,0
He,0
sells,0
a,0
pleasant,0
Water,0
",",0
that,0
prevents,0
any,0
Rottenness,0
from,0
seizing,0
the,0
Teeth,0
",",0
takes,0
all,0
Pains,0
and,0
Imposthomes,0
",",0
Cankers,0
or,0
Swellings,0
out,0
of,0
the,0
Gums,0
",",0
and,0
fastens,0
loose,0
Teeth,0
",",0
which,0
several,0
Persons,0
of,0
Quality,0
and,0
others,0
know,0
to,0
be,0
true,0
.,0
I,0
have,0
sold,0
all,0
that,0
is,0
printed,0
here,0
to,0
most,0
of,0
the,0
Kings,0
",",0
Queens,0
",",0
Princes,0
",",0
Nobility,0
and,0
Gentry,0
in,0
England,0
",",0
since,0
King,0
Charles,0
II,0
dy,0
'd,0
",",0
and,0
before,0
.,0
For,0
the,0
Good,0
of,0
the,0
Publick,0
.,0
WHereas,0
several,0
Gentlewomen,0
and,0
others,0
of,0
that,0
Sex,0
",",0
in,0
this,0
Kingdom,0
",",0
have,0
contracted,0
an,0
evil,0
Habit,0
of,0
Body,0
",",0
wherein,0
the,0
vicious,0
Humours,0
",",0
at,0
first,0
dispers,0
'd,0
thro,0
the,0
Whole,0
",",0
come,0
at,0
length,0
to,0
be,0
lodg,0
'd,0
in,0
one,0
Part,0
or,0
another,0
",",0
and,0
many,0
times,0
",",0
for,0
Causes,0
too,0
long,0
to,0
be,0
here,0
mentioned,0
",",0
are,0
thrown,0
down,0
upon,0
the,0
Womb,0
occasioning,0
a,0
dangerous,0
Weakness,0
in,0
that,0
Part,0
",",0
which,0
being,0
neglected,0
",",0
at,0
last,0
turns,0
Cancerous,0
",",0
and,0
often,0
proves,0
Fatal,0
.,0
I,0
cure,0
the,0
Diabetes,0
when,0
given,0
over,0
by,0
all,0
other,0
Persons,0
.,0
This,0
is,0
to,0
acquaint,0
all,0
such,0
as,0
may,0
have,0
occasion,0
",",0
that,0
a,0
speedy,0
Relief,0
is,0
to,0
be,0
had,0
from,0
an,0
Experienc,0
'd,0
Midwise,0
",",0
dwelling,0
at,0
the,0
Sign,0
of,0
the,0
Queen,0
's,0
Arms,0
",",0
a,0
Gold,0
Smith,0
's,0
Shop,0
",",0
near,0
Exeter,0
Exchange,0
in,0
the,0
Strand,0
",",0
who,0
perform,0
'd,0
a,0
Cure,0
upon,0
a,0
Lady,0
at,0
the,0
Bath,0
",",0
after,0
she,0
was,0
given,0
over,0
by,0
the,0
Physicians,0
",",0
and,0
since,0
has,0
Cured,0
several,0
Gentlewomen,0
and,0
others,0
in,0
the,0
City,0
and,0
Suburbs,0
of,0
London,0
.,0
I,0
should,0
not,0
have,0
put,0
my,0
self,0
in,0
Public,0
Print,0
",",0
but,0
to,0
satisfy,0
the,0
Afflicted,0
where,0
they,0
may,0
have,0
speedy,0
Relief,0
after,0
they,0
are,0
given,0
over,0
by,0
all,0
other,0
Persons,0
.,0
LONDON,0
Printed,0
for,0
J.,0
PHILLIPS,0
;,0
by,0
M.,0
Jenour,0
against,0
St.,0
Sepulchres,0
Back,0
Gate,0
in,0
Gilt,0
Spur,0
Street,0
near,0
Newgate,0
;,0
and,0
Sold,0
by,0
J.,0
Roberts,0
near,0
the,0
Oxford-Arms,0
in,0
Warwick,0
Lane.1716,0
.,0
Where,0
Advertisements,0
are,0
taken,0
in,0
.,0
(,0
Price,0
2,0
d,0
.,0
),0
